zone_id,density,speed,risk_label
4,712,1.65967341208618,1
5,449,0.1592735144466671,2
3,120,2.0446219132414885,0
5,229,1.3877876560686888,0
5,173,0.7677212489651731,0
2,430,0.2478591647019262,2
3,342,0.4899961971386595,1
3,244,2.2480812612482484,0
3,277,1.7464581374461385,0
5,480,0.6997641319285356,2
4,485,0.2574418358680709,2
3,510,1.7574767497279271,1
5,667,1.4737785423226364,1
2,70,1.0708468586997641,0
4,113,0.9726674780561532,0
2,214,0.6203542622298599,1
4,76,1.7070670156900423,0
5,360,2.429603266705289,0
1,334,0.521716590008382,1
4,709,1.533079888037208,1
2,330,1.1180441337903428,1
5,213,1.1720529321871958,0
4,273,0.7099534723067545,1
1,195,2.080323701587406,0
1,79,1.2646134499533788,0
3,94,1.4041740452758338,0
3,520,0.8314261907135818,2
2,83,0.5363403176006794,0
4,702,0.3061849316867692,2
4,476,1.8138859382197983,0
3,270,0.5709622760508535,1
4,583,1.7561808500531146,1
4,741,1.0369034705126894,2
1,416,1.0978595223751635,1
3,792,1.226025990622652,2
5,599,0.9825004195061036,2
3,631,0.3414879453342162,2
5,165,0.8431163440068299,0
1,288,1.6929624656654523,0
2,384,1.6978825635252903,0
4,490,0.7869383373759864,2
1,197,1.2042463037384512,0
4,58,0.56427334722865,0
2,337,0.6048929956716058,1
2,437,0.15531301217585777,2
1,99,2.2521917197785872,0
2,566,0.6056959961797749,2
5,687,0.6460813046475119,2
2,636,0.7710434383483163,2
4,726,0.4057793720690296,2
4,327,1.634230919635271,0
4,349,0.28034308762620774,1
4,638,0.4220858231832406,2
5,698,1.647416143816223,1
3,667,0.9151854891554625,2
1,656,1.7990747840828538,1
4,184,1.437819387208341,0
2,629,0.7144508153476313,2
4,196,1.6619870811743873,0
2,539,0.37905683270291357,2
2,527,1.387384919392073,1
4,208,1.1491554521080831,0
5,433,0.7428965987618579,2
2,212,1.5496119945748004,0
2,490,2.191200621616678,0
4,238,2.497371279431384,0
2,464,1.5586306449842189,1
2,388,1.0712940983900083,1
4,656,0.6404970405188838,2
4,230,0.7170306145482681,1
1,337,1.2506919475594376,0
5,236,0.9814664830737021,0
5,187,2.2931548542998663,0
2,179,0.9839091223737029,0
5,243,0.9962670187490451,0
2,365,1.0204828298415447,1
1,193,2.1078885048823794,0
4,65,1.6618919700325645,0
4,351,1.5740052407653424,0
4,472,0.9019432537212692,1
5,294,2.0629700243978544,0
1,156,0.19207326725368273,1
5,137,2.1899132136114714,0
5,178,1.330599759505431,0
1,390,1.0558005636721908,1
1,53,1.2932014737224458,0
1,376,1.7017972732811946,0
1,459,0.13063702364295365,2
4,355,2.1917244554997946,0
3,656,1.1721748607473428,2
3,770,0.9231196472801876,2
1,274,0.4317893575217371,1
3,397,1.1547168984602612,1
3,370,1.2911746510825093,1
1,608,1.0687520667843466,2
3,230,1.728784225184553,0
5,667,1.1101516690221425,2
2,760,2.407402186831776,1
2,435,1.5382660427766204,1
1,667,2.0379470455645814,1
4,157,0.3624541674627493,1
1,580,1.0534991030701737,2
4,459,0.9084344834731665,1
2,345,1.4667577315278204,0
1,220,2.1666724481474215,0
5,380,0.288011722628816,1
3,542,0.2741795153073059,2
4,244,2.1407624995782375,0
3,61,0.6108402064920577,0
3,244,1.705007810679553,0
1,539,1.4029075176659325,1
3,231,2.0989446277293506,0
5,705,0.40021338360736847,2
3,365,0.41147911773426704,1
1,743,1.436364064667938,1
5,79,2.37130876806009,0
2,645,1.0959946200898103,2
3,727,0.8846610406112678,2
1,145,1.556054375674926,0
2,430,2.333076641308075,0
2,493,2.108626798827097,0
4,347,2.489160665759728,0
5,786,0.154164599685705,2
3,410,0.3708595473106293,2
1,423,1.5627226320798928,1
4,603,2.069383454401239,1
5,352,0.7845864215362397,1
4,470,0.674106611282125,2
5,295,1.988741918514882,0
5,769,0.2353164492477558,2
3,286,0.9865183541982042,1
5,583,1.3139421342215913,1
4,234,1.4448368184407763,0
5,517,1.8486763763026646,1
3,412,0.9516297362335797,1
3,332,1.5704424272190574,0
4,602,1.5049010146982953,1
2,385,1.4142786415689932,1
2,211,1.6371599035413094,0
5,209,0.7226780105633831,1
1,523,0.30315700860310957,2
5,650,0.38625201289538424,2
4,371,0.6389977183693625,1
4,61,1.3004750452546847,0
4,473,2.1170626013104483,0
4,122,1.7831040210121218,0
4,637,1.9936974500849132,1
3,250,0.9423414974226193,0
2,571,1.0711689799565205,1
4,554,1.0448365263774708,1
1,787,0.5604956425708036,2
1,737,0.24691997954457284,2
1,88,1.5181986227853443,0
1,109,2.4741200402094066,0
3,627,0.5003912918806308,2
1,370,0.212043567758257,1
4,484,1.9708760363774391,0
5,685,0.706206416043338,2
1,725,2.091145132847028,1
3,457,1.789448000882837,0
3,435,2.369616488921931,0
1,720,1.081425365816013,2
5,618,1.688727614681522,1
1,127,1.2156514739518498,0
3,243,1.6134128735405044,0
2,334,1.1790373744185696,1
4,576,0.5527173914177795,2
3,573,1.318953798408114,1
1,662,1.3686020834498616,1
4,205,2.0454492358243863,0
1,389,1.8652496939045948,0
1,174,1.6930998974594658,0
2,329,0.3721290293261741,1
4,671,1.829479097592916,1
4,707,1.3007323752508355,2
2,777,2.245838886654782,1
3,723,2.3076902419133027,1
1,177,0.2323758174442851,1
5,363,2.069539744850749,0
1,381,0.1904737370144095,1
1,199,0.9812071016680544,0
3,503,1.40151994149059,1
1,85,0.4554419167051058,0
2,734,1.8911531501657843,1
2,469,0.12005129001313258,2
4,71,0.5046377162416884,0
5,255,1.4939123916483417,0
1,688,1.8145301488895018,1
1,405,2.2999434464653987,0
3,489,1.7931919646430974,1
2,778,1.7122702486116783,1
5,145,1.0464187512415943,0
4,213,0.1030826212643234,1
2,197,0.3883822209654927,1
4,579,1.382930907414494,1
3,343,1.7203117260266072,0
3,244,1.10187588135151,0
1,712,1.8536296276681365,1
5,529,1.3524695087972292,1
4,172,0.2780228694263493,1
2,449,0.5608390023230772,2
3,748,2.115995735785463,1
1,501,1.8397905918986548,1
1,710,2.247428768829988,1
4,153,0.3821373978902478,1
3,511,2.4765340830761775,0
5,792,0.6025761134798406,2
3,767,0.12827170308794084,2
4,759,2.49381505372853,1
4,445,0.7745773250682715,2
3,386,1.7032466860301438,0
4,648,0.5240375540231325,2
3,191,1.4925484772779403,0
2,366,2.269683967490942,0
3,760,0.8684348018282526,2
3,607,1.7086095425064622,1
4,576,0.5509686131161996,2
4,605,1.5995089569249406,1
1,450,0.9074808443620244,1
1,730,0.6068998206110839,2
2,359,0.8516369216887243,1
1,544,0.5292185644187184,2
3,605,2.2645986588109186,1
4,659,1.0532485271611092,2
1,158,0.6886703319384816,0
1,421,1.176178818438239,1
2,665,0.8692868003355892,2
2,255,1.8866062091519824,0
3,92,2.4309277885251865,0
4,294,1.1512807760743524,0
2,336,2.1664801599333767,0
1,404,1.4580713765430868,1
4,525,0.47736559622616037,2
4,132,1.7574945809952198,0
1,159,1.3322427931019682,0
2,239,1.6614556558050484,0
1,300,2.235249790171996,0
4,773,1.1570429695745106,2
5,340,2.2628262957216534,0
5,694,1.9016056342759717,1
3,250,1.2726518221071634,0
1,375,1.547733125579113,0
1,560,0.8813947180456274,2
3,458,2.460633519373058,0
3,656,1.7016427913209504,1
3,557,0.20523244599191176,2
4,780,0.883892573795221,2
1,650,1.595954641021738,1
4,121,0.23519986671817553,1
3,296,0.15732205916594263,1
1,690,1.1800581748667263,2
4,773,0.8984564312624079,2
4,657,1.1519166592795982,2
3,636,0.7304639437120124,2
1,615,0.49532259266315415,2
3,393,1.7539440567528104,0
1,103,1.3349706790427212,0
5,779,0.5803701069984804,2
2,577,0.8670146230239959,2
2,660,1.5203389783919823,1
2,581,0.2733504358539468,2
3,607,0.45388722223883093,2
5,242,0.2757894498577363,1
1,107,2.0495615985138853,0
4,486,1.9057821597088223,0
1,160,1.907951036510217,0
4,178,1.8191808243424674,0
1,755,1.7065250168076862,1
5,375,1.24478059690762,1
4,57,1.641467592417076,0
3,78,0.19206773149113915,1
1,161,1.591514614376283,0
1,722,1.9669064932885052,1
4,180,1.3008600649225366,0
3,237,0.9580319882253686,0
3,724,0.7658241635223498,2
5,758,1.642724920388998,1
3,524,1.762722876711781,1
3,413,2.190322239670102,0
3,253,0.9216017979063778,0
2,261,1.9474535377254054,0
5,670,1.4472539780544111,1
1,325,2.21880757762739,0
4,122,1.3667490599094898,0
1,728,1.3423115881551213,2
5,292,1.4869049954581819,0
4,151,1.8983568523418426,0
5,734,2.415257149188306,1
3,220,0.27655205011783757,1
4,702,0.22824304573844117,2
3,237,2.3501208097776125,0
1,490,1.3717015012436946,1
1,135,1.5757672349606466,0
4,525,1.2578166438273493,1
4,101,0.3247778862579388,0
5,160,1.9434145082047998,0
5,92,1.8933391482126085,0
3,260,0.8480879715827487,1
4,249,0.834974188548161,1
1,676,2.1108193141732445,1
5,75,0.2736574185791839,0
5,348,2.214652356055758,0
1,126,0.7159880557501945,0
5,186,1.5231633946131855,0
3,69,2.3463860296042665,0
4,489,1.7274940036879516,1
1,260,1.0946315499208878,0
4,600,1.7548821013729965,1
5,484,0.9255511271592884,1
5,256,0.7654201992380467,1
1,488,2.492039867043231,0
3,715,1.9018965548314906,1
2,91,1.6473279457163623,0
1,460,0.952695143726365,1
2,572,0.21798598997211557,2
2,659,0.17453650248437347,2
3,476,1.4300350130771171,1
2,324,1.9288785304937226,0
2,497,1.3897100570652523,1
3,791,2.117884172653875,1
2,418,0.1802236794237319,2
2,269,0.9802049834222561,0
2,626,0.6689689388180273,2
1,281,1.173455123577093,0
1,377,0.27370334366589394,1
1,492,2.389915939770574,0
3,101,0.6358129625664661,0
5,425,2.3135386611606035,0
2,312,1.1221435720880364,1
2,316,2.4652579198125233,0
3,408,1.429740120304506,1
2,366,2.3339988740219377,0
1,373,0.11283757286613483,1
5,715,1.8957731348341602,1
4,701,2.267321567446037,1
2,612,0.4353293607494898,2
1,678,0.33070204415716353,2
4,470,1.1189742572462935,1
5,95,2.3408293747190445,0
4,649,1.401727744457053,1
1,769,1.3658955129321573,2
4,318,0.4387026839183725,1
3,650,0.1018948266237251,2
4,430,2.0443362177891067,0
2,167,0.31017895116697175,1
2,615,1.6212395649647775,1
3,165,2.2950794908364593,0
1,679,0.6007645915802344,2
2,309,1.696654806968586,0
5,124,0.2888765840980227,1
2,529,1.549012345210271,1
2,354,0.4934361302876866,1
1,56,1.8662885452364273,0
4,415,0.8229551075053796,1
2,683,1.212138421131151,2
3,572,1.538633300866292,1
4,397,0.511056185598975,1
5,487,1.8799307646822903,0
1,264,0.8263368175283549,1
5,478,1.6896924637906083,1
4,547,0.4798793216784968,2
4,589,1.7514823820952408,1
4,796,0.40765137474510815,2
5,416,1.1208555910479607,1
4,362,0.6932945769733043,1
5,587,1.8961005986276382,1
4,103,0.7288840108164989,0
3,590,2.216121535348951,1
4,516,2.240368507375871,0
5,213,0.571459156534686,1
2,383,1.5732302680185384,0
4,596,0.31052234012791435,2
2,397,1.03968903904391,1
3,322,1.8119721508030535,0
1,769,1.682615792439799,1
3,799,1.599281606575859,1
4,463,0.7780980727898645,2
2,549,1.0072598786425648,1
2,142,0.3470707472806868,1
5,734,1.8256547690406424,1
2,128,1.3093331122990566,0
5,671,1.801037517629571,1
1,266,0.6974644595124946,1
4,407,0.8786517487241589,1
5,667,0.9021168094242751,2
1,556,0.1617817833933189,2
2,608,0.9185148947934965,2
2,230,2.0279309764432805,0
1,625,2.2535163897993726,1
2,295,1.3437239575262259,0
1,293,1.1932040685261287,0
5,555,0.17397908487848862,2
5,471,2.210090410204918,0
1,369,0.13122451222209452,1
5,136,2.3674001925045083,0
5,266,1.2741189968514177,0
5,539,0.9206427845793438,2
3,568,2.318124243622384,0
4,327,0.15853838346423216,1
2,771,1.495419747685809,1
3,218,1.4174380587984103,0
5,379,0.6263689629073169,1
1,699,1.1293298352405055,2
5,490,1.6654336142650485,1
4,440,1.845114872516626,0
5,545,0.10172046089579148,2
1,430,2.348448232218437,0
4,355,0.4948608937427498,1
5,791,0.660593042133662,2
4,722,0.7323362696652357,2
2,562,0.19076832772488475,2
2,797,0.39532509661677984,2
5,237,2.4672398150659887,0
4,565,0.8565201697054865,2
1,693,0.37672261681371844,2
5,476,0.356779026819096,2
2,551,1.8267039224079327,1
2,779,2.1509647936783383,1
5,309,0.7166855188203276,1
4,562,0.15018282960456392,2
2,120,0.6354160442688539,0
4,527,0.2356376579122176,2
2,227,0.34814784791209963,1
2,506,1.1356194876343417,1
3,238,0.6518040900679182,1
2,340,1.3382701084610162,0
1,569,0.7083850078172569,2
5,341,2.3572895226470743,0
5,684,2.274265523023035,1
4,332,1.4603346520251186,0
2,593,0.9506175807697268,2
1,426,1.0147525168833653,1
4,707,1.0884454795467926,2
3,205,1.8461903731238658,0
4,557,1.183933589245211,1
4,462,2.1561518716141537,0
2,577,2.3658274862328748,0
3,404,0.9062707681094412,1
4,608,1.4456667553016322,1
1,236,0.32813568839815466,1
1,80,0.5811257146392615,0
5,309,1.0923178401043843,1
3,470,0.5948865181642692,2
3,578,2.2037451778929222,1
5,600,0.47988701454183535,2
4,353,1.1935859717274206,1
3,88,1.5536781771037016,0
1,538,1.7604733795860266,1
1,693,1.0193664873436161,2
2,591,2.1858377649393486,1
3,719,1.4639659625870214,1
4,327,1.1548186730741243,1
5,252,0.2613775217248879,1
5,115,1.215254724268396,0
4,157,2.0697660179577526,0
2,317,1.574898443731157,0
5,271,2.097189888949884,0
3,579,1.2856280094383334,1
2,139,0.38430809222675644,1
3,742,0.13273563000611457,2
1,304,0.8277269121246188,1
2,504,1.775177131594702,1
5,302,1.996623769460065,0
2,306,0.8098068030887906,1
2,432,1.2895694101197932,1
2,491,1.1106853706417958,1
2,648,1.0852546824434268,2
3,139,0.6552369116803611,0
1,798,0.42729065207070005,2
4,439,0.5720525397549114,2
2,631,0.23279772919203062,2
5,93,0.5755137803765848,0
2,761,0.1220821543009107,2
5,713,1.605420161526348,1
3,647,0.8593009777304389,2
5,68,2.4355473074245806,0
4,150,0.5649209218631148,0
1,656,0.9299885687430254,2
5,406,0.9588187807396796,1
5,591,0.1202835905499053,2
1,82,2.1140990872947016,0
4,278,0.17678670434637933,1
2,573,2.3564316033501793,0
5,679,2.2409784426246895,1
1,204,1.3852525986063127,0
3,472,1.404629379787101,1
1,295,1.6690670150947753,0
3,454,1.0289200286437288,1
4,590,1.6533334801548532,1
2,210,0.2074441328523685,1
1,796,0.22971430563934375,2
5,751,1.1973530070869065,2
4,166,1.4190935226544839,0
1,320,2.2307623368059657,0
5,741,0.351185521378951,2
1,536,2.0743550252653344,0
3,221,0.6041136095009669,1
1,323,1.0458007564240765,1
1,308,0.859845843585791,1
1,184,1.0603726548769576,0
4,732,0.46118919537420533,2
1,771,1.308568178568532,2
5,797,2.0239422155952815,1
3,471,1.1596816249093527,1
3,470,1.2774725821556778,1
1,235,2.1370422046751543,0
4,413,1.794539475131274,0
4,656,1.2770905804474835,1
5,427,0.7184695556540311,2
1,572,2.22382419242792,0
3,629,1.4848489640573401,1
4,771,0.630754264265664,2
1,245,0.7458874063312249,1
4,147,2.0275194134469903,0
4,654,0.2059493490098931,2
3,71,2.481021248869168,0
2,499,0.4128440313155003,2
5,221,2.01056446095265,0
5,432,1.047460760252039,1
3,183,1.2813188398899205,0
4,475,2.213561385914987,0
1,74,1.0909868550141117,0
4,552,1.3899850088157628,1
3,234,0.21831918978200787,1
5,134,0.10563393728188758,1
4,616,0.6875196952041421,2
5,193,1.7333994230050416,0
1,728,0.3910357440619281,2
5,461,0.37302870113091857,2
5,273,1.0863054592861678,0
2,269,1.6548088926597437,0
2,228,1.8089727813950331,0
2,680,0.5282816178360995,2
5,482,0.2910115536929019,2
3,314,2.356952881469306,0
5,478,0.7255993181490441,2
3,711,2.1480315942609374,1
3,465,2.172379481110764,0
2,502,1.9540542202301068,0
4,776,0.5052006559661681,2
1,246,2.0723235022100805,0
2,603,1.9462013421798081,1
2,102,1.5321351762549211,0
4,529,0.9092848844054866,2
1,492,0.7300206502397057,2
5,379,0.39253410899286156,1
5,300,1.3234169605620913,0
2,172,1.5046261012236317,0
1,436,0.9624135772378892,1
2,388,1.2408617624340845,1
3,397,0.97243469768624,1
2,78,1.638414537569683,0
2,84,2.263022098711752,0
5,567,0.4934086289126677,2
5,445,1.0153811437674962,1
5,672,0.43808464948206716,2
3,343,1.5998650489787969,0
5,638,1.8492892227726299,1
1,398,2.336590558233894,0
4,196,0.7692926230263157,0
1,116,2.3805068940770324,0
1,569,0.2518304123696195,2
5,171,1.5472332720750117,0
4,389,0.23711852642399195,1
4,224,2.2450580506286677,0
4,740,1.37154173696813,2
3,646,1.7064360418307107,1
5,500,2.095777422185086,0
4,606,0.460745493961525,2
3,185,0.19261974865152123,1
2,65,2.209314750190845,0
2,382,0.855839745901438,1
3,244,0.4095493790251966,1
3,545,1.2243069690090078,1
5,58,1.535934581670445,0
5,383,0.1743294482140243,1
2,382,0.7597495798170105,1
4,376,0.17871969826455042,1
2,64,1.1088049340691974,0
4,663,2.248240069758986,1
4,275,2.458365787584566,0
5,474,1.628914128408706,1
1,457,0.4879304650830203,2
1,162,2.2740385359983337,0
3,477,1.3389947756801452,1
5,50,0.46899834904700344,0
4,315,2.312144006683987,0
1,540,1.9179257217354473,1
4,257,1.8560926545355638,0
1,671,1.8020336891065714,1
1,761,0.5808155706314616,2
1,418,0.6064160600980625,2
5,355,1.7519031962254121,0
2,61,0.6273346002649525,0
4,394,1.1528120723273172,1
5,514,1.9768043814254592,0
5,749,1.9814860434348183,1
5,715,1.1878282540620633,2
5,543,2.0012558518605883,1
5,417,2.112692310875336,0
3,469,1.6714618030822246,1
4,220,0.6482220455402083,1
5,183,0.757628272925314,0
4,476,0.8556187729809648,1
3,74,0.3803298585614848,0
3,579,0.7555830888878683,2
4,239,0.602846138350077,1
1,190,1.1927889995406453,0
2,604,2.2802501148934358,1
1,707,0.3507527602094994,2
1,364,1.8286430174737494,0
1,493,1.7494792105915067,1
5,368,0.32981007679205837,1
3,490,2.31417377177392,0
1,141,1.464333285176367,0
3,228,0.9729412507256421,0
4,105,1.915692600388736,0
2,204,0.7176771001639217,0
4,721,1.7644236089111691,1
4,160,0.19530689817339333,1
5,186,2.114579290262253,0
2,281,1.1756100328511645,0
4,517,1.62806299445906,1
4,781,0.6309707675360408,2
2,530,1.7249769103802752,1
2,117,1.9533766621438637,0
4,298,1.235711648522557,0
2,372,1.5825446177483065,0
4,567,1.1951822171737565,1
4,481,2.245819286218829,0
5,536,1.2948860332343661,1
1,655,2.1203409016691652,1
4,478,2.0232449398485963,0
3,318,1.0852115712360557,1
1,758,0.65220278045794,2
1,586,1.0745971181434504,1
1,197,2.082921701860528,0
5,167,0.6463180859665416,0
4,416,1.3586472300585986,1
5,115,2.034632195105794,0
4,419,0.948345940308109,1
5,224,1.6413031288064739,0
5,637,0.6895157777171548,2
3,544,0.36227066888358384,2
5,163,2.006522140222855,0
2,160,0.33752469618089637,1
3,488,0.751315348191003,2
5,764,2.1522626127938564,1
1,196,0.9315262889888012,0
2,84,2.4353088388339867,0
2,358,2.451362403457263,0
2,587,0.743862449088536,2
3,799,0.1983477333997371,2
5,63,1.7921518820929099,0
5,423,1.182367606356025,1
1,606,0.3418068255029831,2
1,477,1.7980547655473027,1
2,777,0.17481978186861094,2
1,282,2.188472057181381,0
3,754,0.4327660698719289,2
5,612,0.40554850899214,2
2,775,0.5216135151246029,2
1,712,2.40463926038096,1
3,489,1.7636064646092304,1
3,551,2.023291685112728,1
1,324,1.0543239657586072,1
5,125,0.9071505460118933,0
1,488,0.6627616162796078,2
2,781,1.2535552679497814,2
1,748,1.4243889604820044,1
3,338,1.616259624766613,0
1,589,0.7170844095968668,2
5,741,2.3767697941671777,1
4,302,0.507420395697126,1
1,175,2.4175676194393896,0
5,226,0.1356546940180091,1
5,86,1.2547016603604295,0
3,459,0.9000828114797507,1
5,660,1.177896193432602,2
5,659,1.4695949895538938,1
5,176,1.1454139792305018,0
5,532,1.0956324407238278,1
2,217,1.8585361969919358,0
2,641,1.7461030602075152,1
3,343,2.099851076886035,0
1,687,0.6999015549747893,2
5,392,1.5628684234097527,0
1,359,1.5044674849428492,0
1,711,0.987370746094453,2
3,577,1.2665381005664342,1
5,589,0.8530771439337489,2
5,468,0.4404265542807645,2
4,493,0.6131229055905587,2
1,734,0.35323275136288257,2
1,607,1.739366980456298,1
2,285,1.6857457434619636,0
4,488,2.3814552917916947,0
2,263,1.8512281927533791,0
2,134,0.22491001301471547,1
2,793,2.22218841742949,1
3,134,2.170420391069742,0
3,538,1.163968769854477,1
2,114,1.5060713212670118,0
4,695,2.4425879979340452,1
1,712,1.377530473235599,1
4,676,2.2727723881026156,1
5,113,0.29929301874444747,1
3,392,0.5585244849008388,1
1,401,1.1578118642591628,1
1,207,1.5034163400095313,0
5,638,2.0589468444707206,1
5,540,2.4718290763436483,0
2,707,1.0332435915378795,2
3,512,0.21379752673620384,2
3,274,2.0228116079087797,0
4,362,1.5505137257987396,0
2,664,0.576502861283684,2
2,515,1.2875882958914084,1
2,137,1.8815445892809386,0
2,352,1.948988288964745,0
3,729,1.2990841887970288,2
3,484,0.8325148723092619,2
2,731,2.4369821968923846,1
4,184,1.6920702662955829,0
1,99,1.0797700464311168,0
1,481,0.7731117380911657,2
4,389,1.8546471592085492,0
2,396,0.6812402694250425,1
3,695,0.5121039735368516,2
1,396,1.3716013335089687,1
5,698,0.7959697423459404,2
5,294,1.6093723478166762,0
4,158,0.3830528196981604,1
2,582,1.6718586509615718,1
1,139,0.7799116671944852,0
2,345,0.10058304264283056,1
1,161,0.40464653841802334,1
4,638,2.3406769068042257,1
4,226,2.181651133876859,0
5,392,0.6606616768869684,1
2,709,1.968092570909179,1
5,150,1.5605718236175383,0
2,678,2.4301713074796867,1
5,653,0.9966535828817418,2
3,450,1.7355054700412111,0
3,77,0.2524857338174046,0
3,586,1.0509936323593743,2
3,107,2.413162386851633,0
1,547,1.3935540986802895,1
3,346,0.7909108080036269,1
4,183,0.3886503115086565,1
4,380,1.788468016435673,0
1,298,1.6476545042313444,0
3,599,0.997452912649059,2
3,124,2.382259244478002,0
3,703,0.15328675117084076,2
5,217,0.8289372439163819,0
2,552,2.3105667671189956,0
5,404,0.8702450519666569,1
2,274,0.7054068012524088,1
3,713,1.3821289838349935,1
3,580,2.077124199809291,1
5,195,0.3475522261080665,1
5,290,2.3632497031497666,0
2,393,2.0081749148347936,0
4,798,0.5350006133237246,2
2,84,1.8088191068755906,0
5,751,1.023900934330137,2
5,50,1.065507227383165,0
1,202,1.9798962218532794,0
5,478,2.4106835391537573,0
1,557,0.4039740948332654,2
4,175,1.1095125685091667,0
2,540,1.2542598594023284,1
2,531,1.0031483606919942,1
1,394,0.97165389691894,1
2,787,0.2254448021478317,2
5,270,1.7452926893502958,0
3,772,1.146914601088109,2
1,74,0.5675051263454242,0
2,577,2.058480405524964,1
1,231,2.026145795563907,0
1,548,1.2673399074133451,1
3,690,0.8162815867546253,2
5,91,1.6314225419114858,0
1,530,0.7915651258657673,2
2,797,0.6664190327769088,2
4,488,1.853235169663184,0
1,451,0.1967805753302817,2
1,595,0.32744433048302546,2
3,394,0.11629161765661547,1
5,94,0.4670636475410228,0
4,695,0.2655760209051027,2
2,70,2.489925682671805,0
4,683,0.7931439278898149,2
2,119,0.4582432304061934,0
5,97,0.6783910191902031,0
2,540,2.346701371696323,0
3,600,1.3483845352585497,1
3,336,0.9755634311388565,1
3,59,2.1961394989821263,0
3,591,1.0479766493176779,2
4,323,0.9040205678984699,1
5,649,0.5974780541193653,2
2,430,1.0067123773825877,1
2,378,0.8600424544406224,1
3,528,1.7255295023155386,1
3,64,0.794998491209745,0
1,565,1.4852793914141476,1
5,240,0.25814119607673447,1
4,217,0.5590939760716345,1
2,570,1.077772651867237,1
1,670,2.348678209380869,1
1,186,1.005404765717669,0
2,203,1.693777890879602,0
4,437,0.7122093338113555,2
1,258,0.4048805823357562,1
1,321,0.2404878401921203,1
5,192,0.8329923965026031,0
4,660,0.47838646431257914,2
1,118,0.517625075238698,0
4,296,1.92582234012868,0
2,310,0.1380113702676981,1
3,128,1.4387443017650428,0
1,707,1.0107073134243154,2
5,672,1.3157199997805133,1
2,654,1.450792569315047,1
4,574,0.8520824666974676,2
2,670,0.8082612644422846,2
1,379,1.8601644384037737,0
4,238,2.1910647714907774,0
3,144,0.5621959179004669,0
2,666,0.33428502528435744,2
1,57,2.254709935340862,0
5,116,0.9397491127537567,0
4,545,1.423161737590754,1
2,240,0.9629035468480083,0
2,415,0.4019256072305232,2
3,570,1.5143959478745475,1
3,166,1.3603380442471111,0
5,316,0.5871845420588733,1
5,660,1.1844857071654669,2
1,534,2.01267400963755,1
1,558,1.5170226474589392,1
5,347,0.3326015849607876,1
5,213,1.4152515933499241,0
4,425,1.7865719182950086,0
3,702,2.0024881738738034,1
1,317,1.6098821887222403,0
3,598,0.46637959489788094,2
3,123,1.8044158398163856,0
5,557,1.7256204305956393,1
4,122,0.15862451905751973,1
2,357,1.0881944022165837,1
4,248,0.8990805927096959,0
4,179,1.7065889542087442,0
3,621,0.6187259495462096,2
4,664,1.5180926151382204,1
1,536,2.2916943083540136,0
3,200,2.0147256933006585,0
1,718,2.311498566919673,1
2,255,2.448414320638456,0
3,228,0.12560830481479066,1
2,246,1.5945790633059462,0
3,784,1.0908145546213754,2
5,138,2.163650776804292,0
4,483,0.704355284821916,2
5,797,2.454470773876183,1
2,232,1.5728991269049934,0
4,258,2.004489765349194,0
3,542,0.30543892677464396,2
4,179,0.5402989234212761,1
1,714,1.9201688152820877,1
4,62,0.15276765289437666,0
1,683,2.0605071661450785,1
4,781,0.1334776448605875,2
1,155,1.677085213747056,0
2,424,0.976225408556334,1
5,631,1.5675876465260778,1
3,756,1.770475376773873,1
4,747,0.9219405260471301,2
5,148,0.35910987546600537,1
3,643,0.26715008259583756,2
3,636,1.513446454150115,1
1,241,1.3495728489618677,0
2,374,1.881282421890718,0
2,775,1.3233652240094491,2
5,516,1.11386989607411,1
2,416,1.055409227766954,1
4,367,0.16347256623440193,1
2,193,0.9053372840719771,0
5,433,2.4424483780587862,0
2,265,2.196533382945013,0
4,410,0.8905073608821223,1
1,373,1.5107089721592932,0
5,64,2.1335121892851854,0
1,266,1.159058408200165,0
1,541,0.1430988730003623,2
1,596,0.2788251083647362,2
3,232,1.3249425312368959,0
3,319,2.426654501622108,0
1,516,1.7637029013252827,1
5,661,0.2701988594525669,2
4,568,0.5544661019004706,2
4,591,1.95117554372044,1
2,516,2.1194554238949874,0
5,354,1.582467006852618,0
3,193,1.6466156071115599,0
1,160,0.16800988092012314,1
2,281,2.0884726229956203,0
4,740,1.9918604996099911,1
3,633,0.7216843458480331,2
3,771,1.8008241279172168,1
1,781,0.6156510554199954,2
4,641,0.19679238652363118,2
5,549,0.5827277022169054,2
3,644,0.5287093042103188,2
1,603,0.9105951921636333,2
5,322,1.1042787932210996,1
4,752,1.320493339594499,2
3,222,1.2442093012199875,0
5,56,0.7496190543166944,0
5,204,0.17000960457777872,1
5,571,1.5522438933691618,1
3,595,1.0497875916336505,2
3,597,0.8168131777301193,2
2,567,2.1806585027932295,0
4,264,1.8921839387155834,0
1,183,2.1586373160938614,0
5,334,1.2879587073099064,0
2,175,0.4142350051042659,1
1,488,1.7709314466910537,1
2,735,0.5945770718492206,2
3,201,1.1589512058201203,0
5,380,0.2560018934773324,1
1,587,2.0807401658151576,1
1,432,0.40225753851400137,2
1,164,2.2674340169183433,0
1,531,2.174153445427737,0
1,333,1.2149986346541906,1
2,124,1.8864836903295776,0
5,215,1.586668177163568,0
3,238,2.0273815416105876,0
3,127,1.136332241886189,0
3,651,1.98594036218644,1
3,737,1.209896360956355,2
2,70,2.3583178908227054,0
4,615,1.2672930419803543,1
5,233,1.210286252640951,0
1,271,1.9841724677524306,0
4,377,2.071786460226011,0
3,228,1.4307738743708098,0
4,161,0.5315147523881809,1
5,785,1.222619754298191,2
1,775,2.423374006983228,1
1,108,1.9071668632940444,0
5,376,2.0467902493099173,0
5,670,0.1787811971661763,2
3,718,1.2228627103219838,2
1,240,1.6518907207781328,0
4,249,2.0920784407073794,0
2,361,0.21825676859865153,1
2,757,2.1458533255404952,1
5,84,1.4161622481805882,0
3,428,0.5735535293825438,2
2,436,0.86141251947928,1
1,286,0.7766309242037458,1
5,665,1.374061682292342,1
4,568,0.22404563178671638,2
5,332,0.4804867803998165,1
4,50,2.0504633041018776,0
5,780,0.4182495777923465,2
5,513,0.6601510466995046,2
5,279,1.1880894534499775,0
4,221,1.3410901314719932,0
4,136,1.9326651510739807,0
5,602,1.1735978239988507,1
2,172,1.9956750904852931,0
3,347,1.584031136909098,0
3,739,0.3714393746171739,2
3,624,0.47519545214281256,2
4,533,1.14888094107945,1
4,214,1.052534543413695,0
2,748,1.884506247129507,1
3,432,1.4937691355136444,1
3,258,1.0315193944053984,0
5,788,0.5098246802809255,2
4,481,0.6444090455811883,2
3,438,1.4812024443257417,1
2,609,1.116253131759502,2
2,273,1.335826021265613,0
3,52,0.5096258447253608,0
4,421,1.690975005626958,0
2,736,2.146092978054321,1
5,495,0.7190548162885614,2
2,660,1.279634141996384,1
1,165,2.4412655896501643,0
1,319,0.8997801773217463,1
4,496,1.5281112278170268,1
3,417,0.3164696804805865,2
4,302,1.5544360059506637,0
4,366,0.315116255931083,1
4,464,2.4021650447771727,0
4,144,1.8175903649735474,0
5,73,1.9915834915256954,0
5,677,1.7898504658519285,1
2,712,1.5153496865835179,1
1,99,1.179790674605213,0
4,551,2.16009611142655,0
2,767,2.3964056021033513,1
1,547,1.297686814969795,1
3,384,2.3356841179726286,0
5,128,1.4999989839724421,0
1,631,1.3921220485514396,1
3,76,1.190758559092856,0
1,320,0.6022906276722876,1
5,611,0.10892718596334205,2
5,296,0.679614944454547,1
2,640,1.3233356118485564,1
4,436,1.0119038854234061,1
1,751,1.176364547206321,2
1,608,2.453555726953719,0
3,410,0.9406536896063862,1
5,537,1.185239054464259,1
1,401,0.42043732324676697,2
5,750,0.21509855784877036,2
1,305,1.9609828350219871,0
2,271,1.4696396201727489,0
4,50,1.925691534505348,0
1,595,0.4596707173277239,2
5,495,1.4723890508384583,1
2,128,0.7087419384193012,0
1,285,0.6473483605600477,1
3,383,0.12766243372716463,1
4,398,0.4128177365657726,1
1,147,0.8422434675992688,0
2,131,0.3805090254182537,1
3,551,2.46606025698625,0
2,526,0.8407183564574816,2
2,753,0.41277747208558757,2
3,599,0.5777975507870986,2
2,63,1.5104877480195436,0
3,441,0.2537044572754924,2
1,396,2.1698419123387764,0
3,359,2.4075992301691533,0
3,435,0.6921938096017141,2
4,258,1.1802286446180625,0
3,406,0.15312268247079297,2
3,650,1.6377045393453316,1
1,617,1.0934225393262134,2
4,143,0.7481403186437336,0
5,142,0.5964090654798603,0
1,389,1.669655386381025,0
1,646,1.0989208744775547,2
5,494,0.5311822936717888,2
3,71,1.7538617955683777,0
2,340,1.4561734792880647,0
4,534,2.1608129318307907,0
2,355,0.38194215730358294,1
5,683,1.9855998446666947,1
1,177,1.7164402883614216,0
1,674,0.3760262483874348,2
4,322,1.7675697516921298,0
1,491,1.1597134933115931,1
1,552,2.3679634853340232,0
4,179,0.4398672414829583,1
4,181,1.6428001379577712,0
5,646,1.0167521091110703,2
1,531,2.3963552094181066,0
1,439,0.8919397486966635,1
5,642,2.40924618278032,1
3,374,2.2635660426417976,0
3,118,0.7489197647455752,0
3,709,2.0285002643834265,1
5,497,2.489450084328414,0
1,577,0.7063912052110776,2
5,666,1.1482652063759673,2
5,214,1.3484337677602232,0
3,537,0.8078347259292743,2
2,762,0.13663561515047143,2
1,758,0.628310186074064,2
3,475,0.7766485224202202,2
2,746,1.1646392831636492,2
2,314,0.5106459481921645,1
4,661,2.1958104560600145,1
1,391,1.7917867185552068,0
2,775,0.3044811461431888,2
3,327,1.6602218827358355,0
4,723,1.668775543373489,1
1,488,2.3949308167447065,0
5,206,0.107250091254787,1
3,471,0.6950378795339373,2
2,300,2.326699550500757,0
2,658,2.3371213969558795,1
3,579,1.8294074064895298,1
2,376,1.9378319705140958,0
4,146,0.3195590990311531,1
1,562,1.3333020034677607,1
4,265,0.6557991790935985,1
2,181,0.5349233046726815,1
5,309,2.044727917895998,0
1,174,0.42409152803331385,1
1,131,1.2247639287913246,0
3,332,2.352587775006479,0
3,732,0.5459969333568221,2
5,108,2.4471842169717632,0
1,593,2.486291165826542,0
5,210,1.433481171237767,0
3,333,0.508342576425179,1
3,155,0.8586517310581495,0
1,154,1.1187827984236844,0
4,488,0.842378138459735,2
2,277,0.7735253917036378,1
3,749,2.433351302119258,1
3,631,0.4680755857977895,2
4,367,1.8599869809204694,0
4,513,0.1009846946540197,2
5,648,1.5308384065657046,1
5,521,2.2982632094897255,0
2,105,0.7910418258237256,0
2,674,0.5452623406185261,2
1,62,1.6640315077082248,0
5,489,1.8102433775161437,1
3,67,1.7512732454847553,0
5,743,0.8663605120512976,2
3,162,0.705285765182394,0
4,278,2.3942051199089063,0
5,220,2.315918819847831,0
4,344,1.1975598637427687,1
2,238,2.130865278770496,0
2,475,1.1855763463223106,1
1,128,1.118533643374025,0
5,707,0.47623107423830713,2
4,231,1.1233745355807347,0
3,548,1.3898006526395368,1
2,757,0.15401038582884752,2
2,120,1.1658712124209754,0
3,297,1.9752549241484807,0
4,195,1.7321105352982478,0
4,667,1.624376773273444,1
5,345,2.282933028249286,0
5,631,0.14327682358055202,2
1,519,1.436914206861362,1
2,555,1.989637236183297,1
5,242,1.3992049184830415,0
4,117,0.87734932619291,0
3,543,0.42700135622074686,2
4,101,2.230151372358859,0
2,412,1.2298297417302473,1
4,523,2.2074764727656833,0
1,570,1.506045093839604,1
2,480,1.7180610798760019,1
3,347,2.03022677050828,0
1,484,1.6819733070403224,1
2,745,1.0553316176294505,2
3,740,1.3327201214287625,2
1,247,2.0273092592221116,0
1,177,0.996760711295162,0
2,581,1.031491496244393,2
5,460,0.32965627853920276,2
1,114,2.2950026445321945,0
1,743,0.3184871558690602,2
3,290,1.6557020258765343,0
4,418,1.0916667491267145,1
2,585,1.0734865366130617,1
2,433,1.7309244077744415,0
5,480,0.2610249583117089,2
5,132,1.5248938790834432,0
2,746,1.9528762863336515,1
5,660,2.087710618927826,1
3,623,0.5092729345450607,2
2,335,2.253805720187617,0
5,583,1.6747506204338614,1
2,508,2.216451521969639,0
4,261,1.2646737210644758,0
1,175,1.400880028233285,0
2,462,2.3056918648688107,0
1,548,2.259782904051212,0
5,474,1.1755860960856048,1
1,603,0.7585903159256362,2
2,659,1.043609042954234,2
4,592,1.0306343884713993,2
5,207,0.7884804999587054,0
2,161,0.7445910503991198,0
5,451,2.1665510475513265,0
3,171,0.26766860964318806,1
1,322,1.726266837039026,0
3,343,0.5147681234954855,1
2,447,0.9268141441457517,1
4,520,0.24770328192360846,2
5,256,0.7479367284531089,1
1,159,1.944210570681381,0
5,489,2.2240367789134208,0
2,327,0.6316651645656809,1
5,617,1.2125148142214124,1
1,618,1.2287777150492953,1
2,531,2.196580733823362,0
5,163,1.9307177269019329,0
4,526,1.3313853240833198,1
2,759,1.7097932811322563,1
2,370,2.1336521293824804,0
4,228,0.12289348966130786,1
3,268,1.0669360745201166,0
1,577,2.277383601464989,0
3,541,1.8767512740254835,1
5,110,1.402819298401779,0
4,103,1.3711468648843204,0
3,729,0.9346482342506506,2
2,587,1.3492492807396348,1
5,114,1.6729196787122877,0
5,661,1.1040712922291034,2
3,635,1.8139675513412177,1
3,753,2.166957345424926,1
4,220,0.4712436356436668,1
1,322,1.1837128547618188,1
3,748,1.0792482190841945,2
3,584,1.7499155297193474,1
2,440,0.6996819166190305,2
5,742,1.636602195885463,1
1,376,2.2059741801555712,0
2,157,1.1035158395046945,0
4,211,2.286437679950128,0
4,501,2.483592973440348,0
3,255,0.35462091987508493,1
3,639,0.6593276511636607,2
4,65,2.3809114035570236,0
3,376,2.399986447555328,0
1,657,0.3344974609282204,2
3,708,0.13599640090512805,2
5,51,0.48664005581541336,0
3,59,2.490430680117396,0
2,483,0.5319990798656484,2
1,174,1.3061142561328556,0
2,130,2.1362025434332264,0
2,534,0.14896386565169523,2
5,701,1.5507735574203028,1
1,199,0.7648610772870983,0
1,389,2.1696037994553556,0
1,178,0.7803067582337899,0
1,487,1.7482137286765813,1
1,550,1.7181271178737527,1
5,107,0.631584517263136,0
3,247,0.18351807968404027,1
2,260,1.0821989770849534,0
1,94,0.7940635647180873,0
3,146,2.0415465990729005,0
3,328,2.020874052292829,0
2,584,1.1968574852623013,1
5,459,1.5556293407757253,1
4,510,1.5502228383686205,1
4,440,2.085179556226296,0
3,93,1.120005793895674,0
2,76,0.7610720314972217,0
4,146,0.7360838035373138,0
3,597,1.38686147027729,1
5,670,1.1779556865573102,2
4,616,1.1562898503638468,1
3,753,0.31872961381529735,2
3,268,1.8246489776564696,0
1,234,0.6129680511565856,1
5,118,0.5726887125009312,0
1,179,1.0906199686657443,0
2,616,0.6466680198827234,2
1,658,1.5012598415392369,1
1,648,0.9915120144027316,2
4,680,1.1773881342226964,2
3,769,1.3892063718496692,2
5,383,0.5884852539563316,1
1,203,0.4738038948772715,1
5,596,2.2130125668966514,1
1,128,1.1409368867954106,0
2,628,1.089024663118094,2
1,462,0.18546916065481955,2
4,595,1.2951431262097437,1
3,658,1.4300073318664002,1
2,218,1.4412180902911997,0
1,730,1.7968748063749225,1
5,712,0.5259564039784282,2
2,632,0.7053355221534852,2
2,564,2.0457531165529903,1
1,363,2.3732094804241455,0
2,81,0.4262385936815696,0
5,336,1.2943589308125236,0
2,643,0.6140230065750084,2
5,92,0.24417560405195787,1
1,666,0.881208011502725,2
3,50,0.4448503004421106,0
2,622,1.8038393762421912,1
3,319,1.3809409928114666,0
5,229,0.44520273037674607,1
2,785,0.12217981217323448,2
4,567,2.0395769176581102,1
3,152,0.5228665747941941,0
2,59,1.5549199413298385,0
3,632,0.9086125913841894,2
2,139,1.5051662519560856,0
1,275,0.8575687047575776,1
3,719,0.30865494566141,2
4,789,0.6350800205386086,2
4,175,0.5513405595497815,1
5,258,1.1272464458551452,0
2,146,1.6798810802227777,0
3,123,0.7331345798712581,0
5,676,0.1289678447214831,2
3,240,1.3454496742354165,0
2,731,1.553822774461533,1
4,765,2.410889185604343,1
1,105,1.5147299274237924,0
4,769,1.2308141425075405,2
5,602,1.4761639021544892,1
1,81,2.326961511668865,0
5,576,2.0881075494439507,1
2,623,0.8751489600731391,2
1,716,0.6694104727771294,2
5,333,0.7303206696785767,1
2,770,1.3106104953165112,2
4,543,1.8857186829485868,1
2,236,1.3077260972391092,0
3,547,0.2627113499874702,2
2,491,1.8365936810559542,1
2,179,2.0343283088102893,0
3,688,0.7947948762873271,2
5,341,1.693901774280041,0
5,163,1.1238205625305442,0
2,248,2.2338864537458627,0
3,62,2.1285413395857757,0
3,320,1.3610367959431415,0
4,650,1.7596133099526268,1
5,264,2.2200392824530497,0
1,493,1.2897208241878613,1
5,561,0.8518017771731726,2
5,496,1.908798730982995,0
4,764,0.6281590114832603,2
1,123,1.0324747552145008,0
4,586,2.177745369056305,1
1,150,1.8386136166463563,0
2,225,1.0691464125939982,0
1,476,0.6153868057800578,2
4,166,0.9543241379973676,0
5,215,0.7818499581458391,0
1,90,0.5226142910652494,0
1,478,1.883998992557576,0
3,393,0.7049677284404116,1
5,473,1.1900019284026333,1
2,415,1.0260626724066617,1
4,169,2.456985708725514,0
2,658,1.0386213859557292,2
5,706,0.29195795871221153,2
1,777,0.3155818061730017,2
1,278,1.5178089312473555,0
5,179,1.5384725241718376,0
1,401,1.105021577158372,1
1,367,1.1364248615488712,1
1,698,0.2294381988180909,2
4,386,1.3397116249342294,1
4,322,1.311374740912844,0
3,166,0.4589183645366669,1
2,417,0.3492145266662262,2
5,143,0.3965739774387772,1
5,217,0.3424677915790204,1
5,764,1.5632996692882235,1
3,390,0.5715583657670047,1
4,710,0.7034323652499123,2
3,744,0.5165731459634554,2
5,201,2.3988047306764075,0
2,635,2.151081911564405,1
1,323,0.6531876096436501,1
4,603,0.8861591054131024,2
4,545,0.6037428215319931,2
3,773,1.280502302705977,2
4,150,0.14706527793820862,1
5,606,1.7112832213523097,1
5,131,1.3555795595623399,0
3,578,2.2567334279226476,0
5,122,0.4945424423881939,0
2,63,2.029862190546716,0
3,482,2.0007064347201178,0
2,206,0.4052348541205286,1
1,784,1.0565421379459061,2
2,181,0.5083663387468406,1
1,387,0.7113292010981174,1
1,453,0.7317908195933064,2
2,425,1.4349673456618546,1
3,608,1.0873862362251172,2
5,156,2.3745587296151327,0
5,669,0.4032883406728123,2
1,314,2.436861123640477,0
1,254,0.6535327365142334,1
3,128,1.9548974473164473,0
4,204,0.9135278228147713,0
2,296,0.4433953490015534,1
1,580,2.1589340445909757,1
5,587,0.8412661581675116,2
3,778,1.6812529701444212,1
2,203,1.459464844207904,0
3,203,1.2322151425380985,0
2,735,1.2899667343564938,2
2,141,1.8573709938214902,0
1,482,0.3106549938962574,2
3,387,1.7036335886989724,0
3,529,2.249949043356589,0
5,742,0.23869167284767395,2
5,180,0.43756801416080016,1
1,499,1.8199166480848754,1
1,322,1.1494759557870822,1
4,637,1.068516689952852,2
5,226,0.428719922906166,1
2,745,1.3162480977226914,2
3,692,0.4037087468713054,2
1,98,1.243889095145297,0
3,616,1.932676717507976,1
3,715,0.7198344589291924,2
4,404,1.2538868036313455,1
5,761,2.4808383265524054,1
1,357,1.7479610160496895,0
3,679,2.1192562511324766,1
1,95,1.0956342557453098,0
2,351,1.9428662155020526,0
4,457,0.19722201505917242,2
2,238,0.3949868381013879,1
1,178,0.5873694230081491,1
1,610,1.064684619076527,2
5,586,2.1297877079818317,1
3,315,0.9310385218910331,1
3,167,1.671090864437111,0
2,513,1.8023543075283601,1
4,193,1.5068376498120195,0
3,491,0.9573807236083268,1
5,249,1.4849280201125064,0
2,206,0.9214374226953909,0
2,536,0.301296972524829,2
5,183,2.4827295476464344,0
4,197,0.40523788871802613,1
5,385,0.27363612120653763,1
4,120,2.2084737980971743,0
5,282,0.8244031861429483,1
5,383,1.6607127377764184,0
1,715,0.8896137511893588,2
2,139,1.0394902499067307,0
5,383,0.7290711328403116,1
5,248,0.9233056139032244,0
3,210,1.0856809614077034,0
2,587,1.828998565821623,1
3,170,1.3276868661635004,0
2,350,2.3645565211767448,0
3,773,0.20051294521306123,2
5,624,1.3073639743168677,1
5,485,1.5021394931961236,1
1,117,2.3084727665782574,0
3,508,0.2179804566914262,2
4,563,1.4763990038445185,1
1,447,2.1487118284670967,0
3,669,0.6806265474861677,2
3,335,2.20310163645745,0
1,610,0.14570418225830037,2
5,189,1.8578911099209514,0
3,779,2.3394717308047674,1
5,605,1.6772743879361494,1
1,639,1.153670185553075,2
5,777,0.2077144395345233,2
2,659,2.308273151974309,1
4,797,1.2287109344597795,2
3,331,0.1695921864062752,1
4,710,1.7555705711890286,1
5,627,1.2564094085830197,1
3,795,0.3984287618617858,2
5,506,0.6142523423446229,2
2,136,0.25477763309403106,1
1,128,1.4783044953005766,0
3,254,1.5928707502048223,0
2,386,1.3137815160530666,1
2,303,2.0610451192062755,0
3,353,2.1664211711392327,0
5,429,1.577498552039504,1
2,179,0.1306155512978333,1
4,645,1.7685511737945656,1
2,325,1.103198120608844,1
5,748,1.457337959743329,1
5,607,1.6577934448453227,1
4,232,0.9405678743849841,0
2,317,2.3010364124123064,0
5,371,0.42153968019947485,1
3,561,1.7116283374744898,1
1,661,0.11046299189579303,2
1,127,2.319162652972434,0
1,388,0.3700099197714196,1
2,723,0.3277221523541791,2
4,605,0.8992183193253861,2
5,558,0.9965590864937934,2
3,287,0.6143201735749086,1
3,183,1.5042919862250994,0
2,241,1.1629938353007125,0
1,405,0.1820214136986098,2
2,327,0.8671649494127215,1
4,67,2.045038992575609,0
4,573,1.7552836836684846,1
5,229,1.8396900485917131,0
5,172,1.7754806178004565,0
4,295,0.8463352513192799,1
4,783,0.3391934129842621,2
4,422,0.7539212416794303,1
2,100,2.096284720444382,0
4,120,2.4531299146793706,0
3,529,1.2852328353797473,1
1,609,0.12328085181530134,2
4,68,0.43610754912214966,0
1,133,0.8729933807590378,0
2,204,1.4886048366230795,0
1,614,0.28022474993275354,2
2,668,2.3640575169037157,1
3,406,0.9762008158825617,1
2,696,2.2902021230195753,1
2,492,1.9732523266168522,0
5,118,1.9130494540373948,0
4,572,1.5561269914773568,1
4,192,1.6042811609244272,0
3,241,1.6312077645189955,0
3,436,1.6089313288613971,1
4,427,1.428947755356067,1
5,630,2.4673936443589333,0
4,584,1.8574973618216706,1
5,742,1.9646713321420508,1
3,342,2.193910756200818,0
1,58,0.617535430542038,0
3,320,0.3011299818281459,1
3,436,1.258946647836637,1
2,142,1.3337936694862556,0
2,578,2.0900362718798022,1
2,203,1.1650805902776058,0
2,454,1.4700472613063507,1
5,198,1.3649702524323,0
4,316,0.19168668101773856,1
1,471,1.5765157518325936,1
3,667,2.0873038858582054,1
5,521,0.47800131538192914,2
1,596,1.52639616142383,1
5,680,1.5246653066713944,1
5,575,0.494043913735261,2
3,552,0.3963125769537664,2
4,63,2.4521246631435636,0
2,701,1.0449260071672901,2
4,413,0.6458121489364702,2
3,168,0.5111789066904999,1
3,287,1.7022441125997643,0
3,595,1.562668713585469,1
1,218,1.644525095169802,0
4,571,0.3112144660274854,2
4,683,2.2444830003962486,1
5,706,1.034239352341716,2
5,784,0.852086575432859,2
5,565,1.209667473394574,1
3,446,1.0361585577943078,1
4,155,2.17258480753395,0
3,134,2.330226340474941,0
1,263,0.8282877194790549,1
5,170,2.1734459379038915,0
3,181,1.9756555108793612,0
3,246,2.333938413627428,0
1,68,0.6898007492461308,0
2,691,1.48470196029035,1
4,61,0.7589070033770671,0
2,130,2.077826777162498,0
5,379,0.11277805737055423,1
3,441,1.4555659909273506,1
1,686,0.9140882350526032,2
1,356,0.8744408969867685,1
4,316,1.6477751772758007,0
2,496,2.1435626783535855,0
4,490,1.562068939343983,1
3,701,2.1476151487521338,1
4,51,0.7350330685144719,0
1,569,1.3468044514359547,1
1,700,1.1812876937609824,2
5,685,0.12794775880743092,2
5,358,1.4363491435377764,0
3,789,1.6876583779508199,1
2,571,1.5205945706057682,1
4,518,1.8670717570802116,1
3,261,1.4712148682873851,0
5,161,0.2602006116418166,1
4,57,0.3794692578033074,0
5,526,1.5315389861054858,1
4,509,0.7599500607367364,2
2,302,0.291148309683438,1
3,575,1.1310465842765123,1
4,487,1.430374235400773,1
1,710,0.8889903720390557,2
1,285,1.8290408853418672,0
4,355,1.6450494594429872,0
4,527,0.8987640666200126,2
4,728,1.9116940693805455,1
1,69,1.656868102079285,0
1,265,1.629868908922965,0
4,184,1.4282264818889634,0
5,178,0.12733520341252672,1
5,459,1.7716172403445338,0
2,471,1.0025002986619755,1
3,343,2.3622633043807735,0
5,295,2.063163450585293,0
1,750,1.5104667268751493,1
5,605,0.7052367563662466,2
2,135,0.5889217438663997,0
2,605,0.9169236104261178,2
3,424,1.2437630645920446,1
5,495,0.810557224093473,2
1,427,1.3358307889419587,1
1,439,0.49688902123164624,2
4,706,2.4465107507812,1
1,100,0.35901893191598533,0
3,291,2.336665935170493,0
3,343,2.2925872273664676,0
1,612,1.3608651563667953,1
1,315,1.8397846524066026,0
4,169,1.1465159151342108,0
1,761,1.6120829861018517,1
4,297,0.9173822498106848,1
4,119,0.8227816474850688,0
1,106,1.487751486806833,0
2,431,1.295511218041553,1
2,88,1.4908872859599547,0
4,492,0.7879853950888551,2
1,67,0.9806987963607886,0
2,781,0.3013551055093823,2
1,401,0.22546329345329372,2
1,347,0.708297111215239,1
1,332,0.2781924623933098,1
5,635,0.34905930072337765,2
1,159,2.0510281729454487,0
5,229,0.1932968728400543,1
4,593,1.6814627054433826,1
2,795,0.7541385971569612,2
2,74,2.1917096336995034,0
2,787,1.263981482985999,2
2,106,0.8333835023867817,0
2,229,1.342333445654643,0
2,281,1.0166992457086452,1
2,392,1.4543225552075925,1
4,526,0.37487888398323577,2
1,625,2.4927772067501226,0
3,504,1.121334106472122,1
5,281,0.9357535352976848,1
3,338,1.8045036359590358,0
3,262,0.9733585755887979,0
1,307,2.0998583320690183,0
1,579,1.1902497384650206,1
1,736,1.8269401918370438,1
2,278,0.35788771946052766,1
4,275,2.1306860453322685,0
2,645,1.8657231682674638,1
4,484,0.6081202683087176,2
4,451,0.44868642338988796,2
3,671,0.8591016369414985,2
3,137,2.4425694064765704,0
4,633,0.7163957789609406,2
4,591,1.19470530147192,1
2,733,0.17204854172160716,2
2,358,1.0533460709589582,1
3,392,1.4711680370394467,0
1,485,2.3874990700191163,0
4,226,1.3401665078561547,0
2,188,2.0658575828264505,0
3,243,1.4131063421653614,0
2,235,0.19788403224524345,1
4,267,0.8560198604554576,1
4,213,1.4813188187946478,0
5,210,2.3814255182346984,0
1,574,2.16191286340296,1
5,650,0.6480534740292343,2
3,91,0.6282635920459924,0
2,259,0.5828151210733618,1
3,790,2.3139973511260075,1
4,324,2.1463987674441296,0
5,328,1.959720237407077,0
5,300,1.0425642741381462,1
5,359,1.3105136903170405,1
3,769,1.2143961875083669,2
4,189,0.7081554581424943,0
2,595,1.3120673107570406,1
2,579,0.17319171484661072,2
3,106,0.41634489639390204,0
5,161,2.227815030805471,0
1,54,1.9040314408754158,0
3,459,1.114884181741809,1
3,463,1.3411608694813053,1
4,231,0.9879973263039458,0
2,62,1.877871681185614,0
3,388,1.982049230156991,0
3,308,1.931884456487582,0
5,139,1.834268139602679,0
5,665,0.59081041286271,2
1,747,0.911127950177149,2
4,299,1.22762904396082,0
1,304,0.8939031794263734,1
5,637,1.9118564803799896,1
2,157,0.8904484581998912,0
5,717,0.43175700828480923,2
4,643,1.0576970849159297,2
5,638,2.451794638677713,1
4,534,0.6421153910405821,2
4,307,1.5691807814637497,0
4,688,1.1391353196152951,2
4,331,0.2704589623583839,1
4,137,1.2709038543953428,0
2,253,1.78519438875595,0
1,65,1.3317279419867651,0
3,200,2.1930545529917946,0
1,303,0.7934488399781983,1
4,237,0.3069980111295158,1
2,378,2.3477574679792146,0
5,593,1.0076712388677256,2
2,446,1.48337332348872,1
4,566,2.0008075027124703,1
2,508,0.8783527933013934,2
2,379,1.8187948916262668,0
4,218,0.42500523956278724,1
2,742,0.7991049932932126,2
3,415,0.4473055267276478,2
3,227,2.0469533401632587,0
2,704,0.6343581645442848,2
5,411,1.8217685329725046,0
4,688,2.363916153389566,1
3,89,1.3666533017653049,0
5,465,1.3960700614256505,1
2,404,1.2064805634347489,1
5,304,0.8821363441447425,1
1,192,1.241572074219801,0
3,789,1.5467380774402226,1
2,759,2.4663797732095825,1
4,626,2.350634942363738,1
2,60,2.1691670999034924,0
4,669,2.23391328569166,1
2,75,1.2228380399009031,0
5,470,1.6778663852259157,1
5,712,2.248160135046914,1
5,270,1.0430818359792473,0
1,545,2.408229948029125,0
4,286,1.0978865489660392,0
5,286,1.5425983969437176,0
1,268,1.8035313118536926,0
4,536,2.381420831382252,0
2,510,0.6870790577254384,2
1,712,1.8907143477727415,1
3,684,1.3499574067457973,1
1,193,0.7445371374895385,0
1,238,1.9638564155113374,0
4,304,1.4253334724172317,0
2,117,1.686337169559222,0
3,665,0.8749625645869624,2
5,385,1.255057484386252,1
5,720,1.581650202371361,1
1,458,1.0717859542476256,1
4,349,0.5760940956344831,1
4,651,2.4079371815567296,1
5,406,1.3275220961022818,1
3,305,1.8614088886904814,0
2,402,1.0865132645345394,1
3,781,0.9523162336617191,2
2,570,1.0771943163211,1
5,573,1.0820719450855596,1
2,743,1.4060322782606887,1
4,333,1.4043276879552715,0
1,361,1.293169158118892,1
1,148,0.42348588380185137,1
5,246,1.2905811484012748,0
4,531,0.5058493610095636,2
3,275,0.40272588710983637,1
4,664,2.3383497216188025,1
1,667,1.5518800315544903,1
1,414,1.6827761394990024,0
4,417,1.064304808800073,1
4,619,2.281554140595674,1
1,639,1.6310331749911973,1
3,124,1.9460076868566099,0
5,91,0.9845499256665131,0
5,471,2.4040285139659012,0
4,230,2.069107096379956,0
5,594,2.149476311234905,1
1,120,0.5132662418218102,0
1,617,0.7503116988909269,2
4,154,0.7855038392405849,0
4,249,0.7501821357924907,1
4,150,2.152979589050291,0
3,356,0.17652350850062107,1
5,635,0.28263997355385834,2
4,732,0.7573956895117688,2
2,426,0.5796951391586648,2
2,704,0.656463073318836,2
1,727,2.01506365420792,1
5,448,1.4515038253409125,1
4,270,0.11384958710312319,1
2,644,1.1303746376900687,2
5,231,1.0789238244408614,0
1,356,0.3734686466669045,1
3,571,1.7227402926434972,1
5,445,1.7850332521107786,0
5,53,1.8301437257250346,0
3,330,1.848330269340621,0
5,264,0.10012678463751233,1
1,659,2.389409929232133,1
1,469,2.054101040931191,0
3,150,2.269556071814285,0
4,570,0.13754390873784192,2
2,622,2.3412611098857745,1
4,358,2.043492468851451,0
5,707,2.1093259431008766,1
2,559,0.3238897233327244,2
3,112,1.8730672694046344,0
3,682,2.4038000551410184,1
2,275,1.7285136194035855,0
1,154,1.4693473710990557,0
2,474,2.369511226597593,0
5,304,1.1630490921626464,0
1,478,1.538304559145149,1
3,483,1.2432119043864789,1
2,256,2.338830931264718,0
4,77,0.28260334423721745,0
4,731,1.3026872819808357,2
5,385,1.748685859325052,0
4,637,2.0005756922133684,1
2,677,1.4992447538659273,1
2,118,2.2814025858914895,0
4,795,2.3607794725212923,1
2,562,0.2543661356646004,2
5,216,1.0656892948992984,0
1,779,0.15630165213077066,2
5,417,0.890599977698663,1
5,300,1.3884837231294451,0
2,735,2.2859078332238774,1
1,219,2.131730373916967,0
2,139,0.4059993440127657,1
3,610,0.3232728993781497,2
2,495,1.514241613016001,1
2,343,1.3770831339010785,0
2,199,0.7393063394320571,0
1,181,2.2586874029292043,0
2,482,2.3256793827077282,0
1,108,1.0662674520163904,0
4,248,2.2367261370724485,0
3,264,1.0214773462311344,0
1,610,1.8683603963912805,1
4,521,1.242261322114538,1
1,793,0.3941995756172392,2
1,296,2.327042082968852,0
3,431,1.189831824106088,1
5,288,1.8627688967737688,0
5,416,0.9812171546351012,1
1,217,0.14531410858296318,1
2,609,0.3412728608604062,2
4,100,1.2909267507758186,0
2,659,1.7559144571032699,1
2,777,0.9033647837902697,2
1,738,1.7691723020263608,1
1,429,1.7767254146366944,0
1,523,1.789446177586794,1
1,129,1.2820524496492203,0
5,746,2.2957267602916094,1
1,416,1.2740716431534775,1
5,510,1.1806364643919316,1
5,588,0.5785139656255047,2
1,501,0.8383722096552075,2
3,513,0.20160278204392804,2
4,527,1.6204847046788087,1
2,469,0.6964857854250228,2
5,756,0.8299726107651162,2
4,263,1.9499548519943708,0
3,418,0.8853308395874893,1
2,163,0.6812701408315411,0
2,552,0.5057385979208938,2
5,685,1.959660165236694,1
1,637,0.4112950191760645,2
3,360,1.1890090246008485,1
5,518,1.3166322785852667,1
3,757,1.7497357904457151,1
1,93,1.6198803575991891,0
1,464,2.0457296150684194,0
5,747,0.20740344142297157,2
1,295,0.8114577394705532,1
4,133,0.7723218850609114,0
2,256,0.4504405734210597,1
5,200,0.7940278092554635,0
3,717,0.8434367539429681,2
4,577,1.352522708625948,1
5,214,1.6928907494230145,0
1,194,1.0146412326683538,0
1,86,1.8267285551521149,0
1,382,0.9067968125909919,1
1,452,0.7966808255554247,2
3,463,1.3988513340568585,1
4,94,0.15691926473389745,1
2,451,0.29149389672160086,2
3,255,1.103126904607665,0
3,111,2.3629905073402155,0
2,469,1.8316282716242167,0
2,517,0.3115037668013386,2
1,68,2.131163230674097,0
3,414,1.8575218494596344,0
5,349,1.5662716616863677,0
2,56,2.0687031054620255,0
2,477,1.069863634583097,1
4,166,0.6316025220492465,0
5,629,1.3288561338610225,1
5,556,1.4172202134243372,1
2,595,1.391983292823789,1
1,755,1.4561770995522527,1
4,374,2.376891803774034,0
5,104,2.2653894954309552,0
2,91,2.2017208877414545,0
5,346,2.023400346180705,0
4,280,2.364227457436685,0
4,502,0.3363871400305678,2
3,443,0.7362958274697747,2
2,571,1.2881342695710039,1
4,407,2.1316827834961725,0
3,493,1.312397707654558,1
3,177,1.895283374419813,0
5,740,0.4335037725973989,2
5,454,0.7057931511437444,2
3,441,1.8562626280904138,0
5,242,0.49536162133053774,1
4,653,0.9432542431718242,2
1,792,0.7356790187525714,2
4,127,0.9396680661339483,0
3,134,1.7999777177871288,0
3,79,0.9828332347427224,0
4,774,1.4326319742590565,2
5,98,0.33983650493058315,0
5,194,2.0320424637631067,0
3,118,0.9877327015554996,0
2,107,1.6564819816800218,0
5,746,1.8409350439883985,1
4,623,0.603186213068081,2
5,528,2.22321996388804,0
4,494,1.578938203856687,1
3,345,1.1289403402035556,1
5,727,0.5376044405877269,2
4,220,2.361522250962896,0
3,624,1.9121636899159002,1
2,196,0.5992589505597973,1
4,533,0.9105058593381388,2
2,355,2.0432182194113757,0
2,722,1.7696263917168136,1
1,702,1.9378823025177385,1
5,658,1.158882645311038,2
4,495,1.8195430303412006,1
2,270,1.027584934873393,0
1,604,0.6070310006516714,2
3,427,1.6184248836192638,0
4,669,2.442433421437106,1
2,315,0.845442331348791,1
5,144,1.2063270213100952,0
1,311,1.7176032905676486,0
2,120,1.3996150770939708,0
5,268,2.124226709701718,0
2,582,1.9281824955268383,1
4,141,0.23991328926965688,1
4,176,2.4962109614170576,0
4,129,1.9057658889267213,0
1,287,2.173367959105872,0
4,421,1.6628745090288313,0
5,535,2.1550843073122294,0
2,743,0.3697191398289026,2
3,74,0.9345708053423574,0
5,205,2.2034102646507825,0
5,566,0.5839725070405414,2
4,681,0.28778103659205456,2
1,579,1.9914854558685255,1
2,759,2.105166773543911,1
1,106,0.49036532365576146,0
2,654,2.150430358678517,1
2,68,1.7482427094332071,0
1,433,1.3481984397198015,1
5,242,2.092600462675324,0
2,286,1.106198198365518,0
1,436,0.5655854949361533,2
2,475,0.7836464238654727,2
3,326,1.3123936439039556,0
5,276,1.375193902415622,0
4,794,2.0333939834589607,1
2,601,1.9992465367656027,1
3,372,1.4952797372909796,0
4,202,1.9738851600771432,0
4,688,0.5602562999048103,2
2,286,0.2201548650239064,1
1,104,2.1967211743232804,0
2,485,0.28133078503064696,2
3,733,0.6920522313855935,2
4,158,1.768765479098523,0
2,233,1.082675050305542,0
1,417,2.203153527797221,0
2,247,0.8151515071894468,1
5,420,0.1284912320064623,2
1,422,0.8215735373457859,1
3,546,1.487380118043596,1
4,648,1.002252100967904,2
2,250,1.3836946138210127,0
1,558,2.2038354852040447,0
5,371,2.2899641301528844,0
1,324,0.738337755169869,1
5,260,1.2091371358477618,0
3,553,1.417945636579483,1
4,167,2.377869896531793,0
3,752,2.4966815659945234,1
2,603,0.6649773972196639,2
1,91,1.844751691229957,0
5,364,1.0072745493596684,1
5,378,0.11945967252691175,1
1,66,0.12220605384616566,1
1,332,1.205358418149414,1
2,307,1.2720037912104032,0
3,624,0.15416727177626238,2
5,623,1.748625800258326,1
2,661,0.8056081326278874,2
3,68,1.4437434436862786,0
2,578,0.822205775597005,2
5,472,0.5011223556863372,2
1,515,1.0772169726373007,1
1,422,0.6574560754972018,2
3,130,1.3835223446060034,0
4,600,0.5771884726875519,2
3,597,1.320174343947105,1
4,473,0.4777084356852821,2
2,478,1.710339302765884,1
2,437,1.9094504426594177,0
5,758,0.3649461621998411,2
4,719,1.2227257888896141,2
5,253,0.2700920815716966,1
1,245,1.5356378693008057,0
4,777,0.7345703150311489,2
3,334,1.366298696412899,0
1,245,1.341906422522299,0
1,356,2.318450430865121,0
3,713,1.4177997341649349,1
1,63,1.4991963513239577,0
4,195,1.0639675018345127,0
5,106,2.3777910476387603,0
1,772,1.9652461826550631,1
4,259,0.7849726967268197,1
2,578,2.126103005862957,1
4,393,1.137751264444216,1
5,764,2.0888011444806254,1
4,660,2.0749313639044047,1
3,328,0.5532884482308505,1
5,258,1.7827387153205847,0
2,690,0.7975431263356746,2
3,384,0.8139824079824036,1
4,337,0.8112353845133937,1
5,301,1.8413637941438756,0
2,314,0.6515825003020865,1
3,320,0.10217400459061654,1
2,749,1.8165684483583195,1
4,468,0.5108433852043006,2
2,775,0.35075774873880317,2
1,260,0.6700386894257443,1
3,414,1.0117612535744895,1
2,125,1.2421751859356818,0
4,709,0.206968097710314,2
4,370,2.429375998305665,0
2,774,1.8185513282069394,1
4,482,0.8756657567784067,1
5,158,0.8648734174849535,0
5,690,1.1765021184843025,2
5,571,1.6029875746312792,1
1,96,0.45129535981352265,0
2,428,0.5534315530358855,2
1,145,2.1626429988005222,0
4,152,0.7150118173337741,0
1,195,1.012467995140426,0
4,76,2.191052442280281,0
4,781,1.691554790559574,1
3,579,0.9201085104200519,2
5,728,1.74087890973909,1
4,131,0.1472397169153929,1
3,477,1.8655423840272767,0
5,633,1.2688384972389748,1
4,528,2.051637153482707,0
4,211,2.391130364815524,0
1,451,2.321892518786964,0
1,557,2.2822361042928176,0
5,87,1.3292078942413292,0
4,560,0.9643410739334513,2
2,442,1.2160847793536147,1
1,762,1.7557504079520658,1
5,543,2.221594664490848,0
4,249,0.5967671272002869,1
4,304,2.303663580308087,0
2,228,2.0564325567277337,0
5,596,2.449254436427763,0
4,643,2.212604255876049,1
1,438,0.771849591260576,2
2,447,0.3542941872257145,2
5,781,0.3693785727798127,2
2,207,0.7989359645878626,0
1,53,1.5740409375628943,0
5,216,2.030368782633214,0
2,517,2.2582007367557555,0
3,458,1.5970081224861588,1
1,461,0.11351515059532896,2
1,253,0.5471602636444804,1
1,243,0.3393428892480831,1
3,284,0.971978741365624,1
3,767,1.3032423847209902,2
4,199,0.20415322858854604,1
2,208,0.9363471419095727,0
4,328,0.5300312191007742,1
2,453,1.6529683990212976,1
3,727,1.2142536863784161,2
3,360,1.2887623526413812,1
4,117,1.1264602912803066,0
5,512,2.394447305167761,0
4,137,0.6153643002917517,0
2,266,1.3399942236252984,0
4,50,1.8664416840768063,0
1,184,1.4364265915229502,0
2,746,2.3296501257203226,1
2,400,1.007124053539082,1
5,189,1.2128219338556272,0
3,667,0.31245355651534823,2
2,182,1.5615978665246284,0
3,669,0.7917087242754545,2
4,227,0.4847416948373653,1
1,407,1.4068751029708195,1
5,429,1.3775446321117855,1
3,707,0.2820919389377141,2
2,499,1.7757170883867348,1
3,635,1.5970532575620469,1
2,512,0.5536414785915933,2
3,157,1.2266436691697054,0
2,171,1.8287749995485438,0
4,66,1.3706457772990637,0
2,245,1.0491737828405685,0
2,376,0.8736122993942647,1
1,367,1.5649452799457286,0
2,528,2.3538608759445774,0
1,301,1.7121876171459602,0
5,552,0.2793901687271572,2
1,168,1.2056439363571212,0
4,723,2.237977915625506,1
1,759,0.3267098219226085,2
5,547,2.473301709130104,0
4,535,2.377766544749011,0
3,94,0.28785875375170206,0
3,363,2.3401919690789317,0
1,228,0.9715182166227092,0
1,467,2.1273020009820702,0
5,605,1.1041200105118516,2
5,127,1.158052270486038,0
2,375,1.6221834183461024,0
5,739,1.95874580626236,1
2,406,0.18109396227579672,2
4,465,1.5235743892651223,1
1,564,0.5481591858336904,2
4,263,0.930278842871687,1
5,123,0.9351247987725195,0
4,612,1.2257448165307687,1
4,628,0.9019273885028161,2
4,558,0.35766668428160264,2
5,381,0.44950897246108346,1
4,142,0.18025116534663443,1
2,737,1.2285978047890105,2
5,706,2.3906744676471723,1
4,568,0.3776205367554797,2
5,318,2.371034783207397,0
3,425,1.8600676353570245,0
2,53,1.6299971270419917,0
4,187,1.648666612776551,0
3,280,2.084146356151077,0
3,649,0.35660767451157127,2
5,578,1.3114103765573002,1
3,101,1.7730187318258206,0
2,695,1.508369068176553,1
2,772,2.098669770455907,1
1,374,0.2734521016272436,1
2,780,1.7576824947979983,1
3,766,1.3816665529233225,2
2,772,1.0099860735518642,2
5,326,0.916659957361674,1
1,585,1.5899983186580628,1
3,535,2.2383888991462357,0
1,565,1.2908222226426767,1
3,201,2.079335593784608,0
5,532,1.065175316425522,1
1,308,0.3457467107036237,1
4,373,0.24761376750073252,1
3,217,0.22320249117682617,1
4,737,1.0123603406984079,2
1,359,0.9093706020060209,1
4,528,1.823048856694167,1
4,105,1.882771603803678,0
1,669,0.2220495252009756,2
5,522,0.6306958309336359,2
4,345,0.7582284403813593,1
4,510,1.4142687619427428,1
5,373,0.4468365373766806,1
4,190,0.42145892656000083,1
4,716,2.3650933340990994,1
4,311,2.0300869775146744,0
2,469,0.5335717650188088,2
5,793,1.0757627389731783,2
4,290,0.9534927982181572,1
5,404,1.9984097777569776,0
3,638,1.324510999547493,1
3,229,0.4068393687843208,1
4,115,1.8735809515749853,0
5,397,1.0525311477398054,1
5,220,0.7310181943171529,1
5,523,1.0011966928497285,1
2,583,1.2946157526565514,1
3,416,0.9234772394008226,1
5,156,0.6805738542202188,0
5,488,1.056404869129553,1
2,276,0.14601498579975578,1
2,493,1.9539948306311534,0
5,491,0.5102677445622059,2
1,445,0.2053710727135294,2
5,777,1.6688768629721902,1
5,630,1.9574467091768133,1
2,133,2.0531899158228235,0
2,664,1.28442203838544,1
5,600,0.5928836432559647,2
5,62,1.8693464253995842,0
5,742,1.7793113851704092,1
2,542,0.6910497618476157,2
5,317,2.268178614070703,0
5,574,0.35049149939878954,2
4,169,2.4584517750191814,0
1,402,2.164594746345915,0
3,106,1.7509567491497806,0
1,89,2.352999731871599,0
4,385,1.8335468039768987,0
3,689,0.5570967928721102,2
5,222,1.1611747314707481,0
4,596,0.27160725839592487,2
5,308,1.0351778134914769,1
2,566,1.8798472473693009,1
4,779,1.0274640422339618,2
2,572,0.8927060211235218,2
4,166,1.5288537340247486,0
4,233,2.193290869597348,0
2,165,0.21419966211066982,1
3,211,1.025129043279365,0
1,628,0.47977778035663055,2
5,761,1.768850201756487,1
4,592,0.3537389450347237,2
5,636,1.6955386205925869,1
2,286,0.7868340899149775,1
5,115,0.5774003529693392,0
2,119,2.347246138779965,0
5,496,0.14445898419029407,2
1,465,1.1506654525349655,1
1,581,0.1519047819083051,2
1,490,1.2606233154503896,1
1,787,1.3025137067066037,2
1,513,0.8719899313473928,2
1,445,0.41718826606005677,2
2,760,1.0033300905627407,2
4,600,1.7134310558381585,1
5,706,1.9777499407467019,1
1,606,1.3738014457315415,1
2,444,1.5156025466554135,1
2,375,0.5814792906991665,1
2,140,0.7895927997463587,0
4,799,0.48854946412566025,2
5,119,0.6983088400110672,0
4,215,0.6397282725412762,1
3,691,1.3466770873389702,1
2,263,1.4504530138977507,0
3,650,2.367873809971611,1
1,384,0.5693695530436553,1
1,418,1.6400217043875902,0
4,633,2.061422245570055,1
5,726,1.444579513079326,1
3,98,0.7120087660025817,0
5,101,0.7301205520480005,0
4,338,0.1942073273703998,1
1,675,0.833066143716356,2
5,288,1.8870488296081123,0
5,182,0.21404261729706492,1
1,215,0.6263086780115935,1
3,423,1.7949579964762767,0
1,422,1.978363750774904,0
5,527,1.1927641841486283,1
3,528,1.7753784123487573,1
3,699,1.031085204771741,2
1,640,0.483791788057906,2
5,731,1.0555587844549756,2
4,684,1.491922768487543,1
5,737,2.3753278764469368,1
2,349,0.2650022850128256,1
4,131,1.3177458252279055,0
3,136,0.8894074677057384,0
4,274,1.319948066264067,0
3,65,0.15754107370367604,1
3,407,0.8512608512837951,1
4,212,2.067683554064812,0
3,659,1.4294601612511302,1
3,717,1.1813979827586818,2
2,563,0.785260172116815,2
5,399,0.8153020546992541,1
5,730,1.0194434406174027,2
2,513,2.105369703914945,0
4,424,2.421311696339844,0
1,141,1.152772915240899,0
1,230,1.0440468129946283,0
1,792,2.1317218619676708,1
2,350,1.1245727695271286,1
2,709,1.424843613509563,1
3,238,0.6542599950369866,1
1,363,1.8844060858697806,0
4,542,1.3767719638498765,1
4,177,2.04168292057682,0
1,568,1.9737585520688072,1
1,475,0.6160114438480685,2
1,608,1.8175253213386298,1
2,614,2.020130579083291,1
2,236,0.9306573778777482,0
2,599,0.514261870965459,2
5,502,0.10631717339101164,2
4,520,1.1821687674235557,1
4,787,0.9458385556932197,2
3,614,1.4317836011809815,1
2,273,0.5512986222130858,1
5,203,2.1631973143995404,0
5,609,0.7186125175074631,2
4,400,0.6434310522103599,1
2,196,1.2537137355624544,0
3,625,1.2972424569862582,1
2,398,0.6162045490842227,1
1,231,0.7524657441421978,1
2,686,0.5072925739725879,2
1,228,1.8243044279756002,0
1,88,1.9482136750097965,0
3,52,1.2095883939022782,0
4,113,1.8138088544440418,0
2,78,1.8662449406498693,0
1,421,0.4318612664267406,2
2,572,2.4188272596028884,0
4,146,2.0704766730314343,0
4,491,0.5907603068699764,2
5,252,0.5467960857905686,1
4,460,0.4015867493909986,2
3,70,0.4321085501006041,0
1,600,1.8955883176688708,1
5,784,1.2271702166838965,2
3,151,1.9790420145756813,0
2,95,1.891011746440493,0
1,115,1.551070512412532,0
4,652,1.747279855788831,1
1,213,0.1440537385099403,1
2,160,0.8482663523320526,0
5,387,1.6307732302225846,0
5,172,0.12242788836698609,1
5,754,0.17914466483822417,2
4,496,2.14453115792892,0
3,660,1.7416596680609724,1
3,340,0.7368873594888254,1
1,720,1.7511108162849016,1
4,461,2.0018960059342317,0
5,664,0.836306279464243,2
5,330,0.18648970599804987,1
2,92,2.338669899250563,0
2,535,0.9284316119095131,2
5,645,0.3555562318832953,2
5,752,1.2804564913435537,2
4,100,1.944322709593921,0
3,259,0.6319535550821419,1
2,175,0.746776120320072,0
3,541,0.6825159683165996,2
4,558,2.4800153267960274,0
5,630,0.5737689609533021,2
3,307,1.4812485207186976,0
5,237,2.3206351399767144,0
5,279,0.4525517653066702,1
1,238,2.4300500748824807,0
3,464,2.373945362549499,0
3,59,2.22297276893983,0
5,163,0.6149356511920053,0
4,125,1.62173213442636,0
1,725,1.9261395351069763,1
5,551,2.466467027671431,0
2,134,0.5330171729952891,0
2,98,1.9384621588463116,0
1,544,0.913122807825071,2
4,738,0.5215035173632055,2
5,436,1.1113046589132518,1
3,438,2.005206189156679,0
1,267,1.2156395288897253,0
4,750,1.3900554404873164,2
3,395,2.488382584480291,0
2,279,1.0578623189378225,0
2,304,1.5769618113021757,0
3,285,0.9765860838768924,1
1,75,1.042685551188892,0
2,633,1.7695378082689794,1
5,310,2.3509287426277203,0
3,320,1.4016614811815715,0
3,172,1.9441598294770717,0
2,705,0.31409574116071315,2
1,306,0.6067792898366247,1
5,705,1.305115938206878,2
1,470,0.1480281367090595,2
4,308,0.706851949030141,1
4,96,1.3417630955799187,0
2,574,0.1359068758151217,2
2,257,0.7349110869425001,1
2,360,1.3336739667420867,1
4,796,1.4755581951549896,2
1,198,2.321804063332733,0
1,487,1.6488294958014589,1
2,204,1.095365926071985,0
5,727,2.332842825119363,1
1,139,1.9837191601307063,0
4,747,0.5800214106705942,2
3,407,0.4140216672371675,2
3,223,1.7219479257825592,0
3,266,1.4437195973847612,0
5,505,1.9952166731026137,0
2,658,1.8731321201888476,1
4,678,1.600507681258036,1
5,248,2.467317211909341,0
4,535,1.3806153522649809,1
4,582,0.3714538156041276,2
2,249,2.087856555558372,0
3,420,0.7044480696297015,2
2,497,1.9655251555454039,0
5,297,2.3970570304001235,0
5,313,1.772309233514419,0
5,107,1.5304723862795226,0
2,351,1.2049268216200975,1
4,80,0.9745836783889678,0
4,547,0.947211402332407,2
1,298,1.6272944937030174,0
5,654,1.9030554806505902,1
4,320,1.7284409667625946,0
1,655,0.5761842428645505,2
4,715,1.2855692323443788,2
5,443,1.9999361732393512,0
3,551,1.241689787653735,1
5,641,1.3878958713651852,1
2,133,1.9507265156099731,0
4,414,1.6870367350362196,0
4,598,1.0824278101177423,2
2,391,2.2489905068661256,0
2,456,0.4901609647923486,2
3,474,2.4892394766167794,0
4,793,0.3852461883429693,2
4,142,0.13587993065017337,1
3,663,2.2360453627570354,1
1,461,0.6878884200782945,2
3,481,1.8512791058721303,0
5,727,2.046436899836966,1
4,208,2.1615673384770804,0
2,63,2.479826165594,0
5,422,0.8056953040959978,1
4,274,1.804584020625422,0
3,554,0.3769596598739877,2
5,122,1.0763422992564387,0
4,298,2.1351320639502167,0
1,560,0.98237931054186,2
1,652,1.5186289132854738,1
2,265,1.3090562649391217,0
4,651,1.6502836746689082,1
1,590,2.434946534530468,0
3,269,0.23376526360336508,1
4,776,1.4775076420039113,1
3,270,2.1712690702006836,0
3,438,1.2553185081962261,1
1,603,0.28846524625977477,2
4,696,1.4452944458002501,1
5,91,0.896977337977169,0
1,725,0.47186028481104614,2
1,332,2.137682831880335,0
4,107,1.351838831178692,0
4,586,2.33986338970976,0
3,122,2.0344396110473655,0
4,178,1.7631323050568017,0
3,648,0.11206120807674864,2
1,475,1.1267762959318,1
2,714,0.5739670759648775,2
5,743,2.2859149865172825,1
1,174,0.5190015632232646,1
4,116,0.7865441239822851,0
5,55,1.3404082425627981,0
2,686,0.7320726855953902,2
2,363,0.6036752254698907,1
3,375,1.5378383802466058,0
5,614,0.3134308546120573,2
3,627,0.23960262093021933,2
1,555,0.9933887084465713,2
5,131,1.8295946908188696,0
1,648,1.4315362198574753,1
3,51,1.1149035243202692,0
5,253,1.4578037541389979,0
3,711,0.9770835631678566,2
5,453,2.346751205037071,0
3,152,0.2317717381858584,1
2,585,1.7161395496716045,1
3,417,2.2390783955866014,0
2,261,2.029323300964608,0
3,626,0.5416984835714722,2
5,258,0.810223237552692,1
5,166,1.8209150528970512,0
5,677,0.3022493420338373,2
4,798,2.0484680795982015,1
1,527,1.8253766670514968,1
5,154,1.8510559581648223,0
2,544,0.3405792886422193,2
5,95,1.822625307558954,0
4,380,1.731563500527928,0
2,265,2.094213977972441,0
4,541,0.1998302950155268,2
2,498,0.15546560432270126,2
3,585,0.9952170397085457,2
1,560,0.45709188123796696,2
1,507,1.4401227461685326,1
4,596,2.301637363616197,0
1,585,1.0395513528016378,2
4,589,2.12788090545425,1
4,533,0.10057809884287955,2
4,65,0.5044351443020421,0
1,620,0.1730164951698055,2
4,292,0.8875532332361646,1
1,256,2.279655029671607,0
4,320,0.3326850966375706,1
5,754,1.555383464185121,1
4,779,1.183590253886666,2
2,164,2.35232370967795,0
4,629,0.3940459420890252,2
3,348,0.6088668412053494,1
4,532,0.17090072466758388,2
2,446,1.141444599115297,1
2,443,0.7667989589551703,2
1,124,2.1877742413367702,0
5,531,1.5518579516746123,1
4,152,1.573817771141684,0
1,346,1.376585672515126,0
5,227,0.3204408093500824,1
4,264,1.1680448409408526,0
3,364,2.4988124553004396,0
4,88,2.1045502980304356,0
2,308,2.2443017300010784,0
2,765,2.0757432621915988,1
3,56,0.34730006423435844,0
1,98,0.6458758097555191,0
5,587,0.10749196325538311,2
4,210,0.8284242997074674,0
2,225,0.36065776563158214,1
1,640,1.2347040287237994,1
3,51,1.7251059725773648,0
2,504,2.198812708091385,0
3,693,1.8981211962181557,1
4,325,2.3526054298684125,0
5,547,0.22935589694509312,2
2,678,0.12923160499969946,2
2,725,1.6872114732069103,1
4,77,0.7944457845333909,0
1,382,0.7084024386538554,1
5,50,0.8941290104651062,0
2,237,0.747510538941674,1
5,105,1.3274473751238094,0
2,596,1.156356273337918,1
5,161,1.3298285233039753,0
3,359,1.714512667601047,0
2,85,1.029113221530756,0
5,488,0.7031384491411763,2
1,778,0.4988812883409891,2
3,641,0.9387378868783012,2
3,644,1.8803355405908129,1
1,626,1.916091784267527,1
5,374,1.7005729280421047,0
4,689,0.661667620736499,2
1,356,1.5114069900512745,0
5,583,1.4696551877844353,1
1,777,1.2622388754633411,2
1,668,1.419949567321274,1
2,158,1.2802975182968035,0
5,421,1.4570952785778597,1
4,406,1.817214291090709,0
2,230,0.3631076665682553,1
1,405,1.899101805157657,0
1,725,0.4261267603062261,2
1,117,0.25990719618489927,1
5,341,2.442591246931522,0
5,741,2.3967802452890594,1
2,230,0.24504770785735372,1
4,515,1.1638082595399093,1
2,483,0.5469878519194593,2
3,513,1.2648277531226035,1
1,730,2.09242538319901,1
1,583,2.381468259382937,0
1,115,1.6222063682836898,0
2,70,0.9493736013083609,0
2,661,1.5479813575470363,1
1,433,0.8488031346602808,1
2,664,2.283576737996945,1
5,608,2.1889611114540086,1
5,88,1.4397562006711864,0
2,334,0.8795173969128652,1
1,651,0.804135221399148,2
2,646,0.1802031872921427,2
2,385,2.0579700424607084,0
2,237,1.1809197112936192,0
3,720,0.8803190281606346,2
5,292,1.2306648519946093,0
4,122,2.0649711770911647,0
4,528,0.39907409849805087,2
3,610,2.1583743717803854,1
2,150,2.2540212042600496,0
3,563,2.3720989960813315,0
3,225,1.0539711818143067,0
1,287,0.6211369696904124,1
5,108,0.9967379643200763,0
4,148,0.8989890309553679,0
2,544,0.5227693900068642,2
4,563,1.557440008243571,1
4,346,1.2438979852207093,1
5,260,2.177682381577609,0
4,172,0.1770629931569398,1
4,278,1.6452830261323033,0
3,643,1.9310773084277466,1
5,705,1.9227677660519369,1
1,437,2.2265775210292604,0
2,189,1.8496809827907859,0
4,590,2.326744147954471,0
2,440,0.8983758395701394,1
1,319,1.3077026002037033,0
2,61,0.13379119187893762,1
1,438,0.11669820952789892,2
3,386,0.6763038890836477,1
4,555,0.3419372731338046,2
1,155,0.7245072830458086,0
2,81,0.5249039068681538,0
4,123,0.16844805961275577,1
3,220,2.2823299513745186,0
4,118,0.11973551533333966,1
1,411,1.866597146409005,0
3,698,0.4651549286068397,2
2,482,2.28935109279904,0
3,149,2.242710255015726,0
3,707,1.6693627512862177,1
5,58,1.7133619595214524,0
3,623,0.11281394072725251,2
3,746,2.463691758672645,1
4,78,2.2067982485819546,0
2,163,2.248254941752221,0
4,511,1.6821868889220928,1
4,192,0.9274886287708877,0
1,439,2.244756757817154,0
4,681,0.7996406275628616,2
5,731,1.4505077040212868,1
5,206,0.33935433362531775,1
1,384,2.3126935123186003,0
2,309,0.43784909865091204,1
2,131,0.6397523337529774,0
4,490,1.439521979507716,1
4,221,1.9338232005111557,0
4,280,1.5864431342471175,0
2,769,0.6571213907203748,2
3,124,0.10226330206597681,1
5,319,1.9171613927378541,0
3,675,2.464497582186625,1
3,111,2.043791488734617,0
2,369,1.2044958835758768,1
3,151,2.269041427357856,0
1,478,1.08363441548404,1
4,771,1.3598418021843222,2
1,304,1.2451114417496398,0
5,581,1.1742972943972598,1
4,619,1.9604578463053737,1
3,161,1.3642453774467809,0
5,362,0.8601210928605185,1
4,510,0.7195796023803479,2
3,757,0.19059356072184014,2
1,511,1.4996683885193105,1
4,141,0.651907396962482,0
3,101,0.45552141283931946,0
1,569,1.6691919131864263,1
5,147,1.7349022187717174,0
5,285,1.9051717414183984,0
5,423,1.3085845512126195,1
5,630,2.2457310524893277,1
2,606,2.3472226081557466,0
4,698,2.0376902555019747,1
4,283,1.6254243568196494,0
2,81,0.8289302886188528,0
3,338,2.4590678118885307,0
3,687,0.7579268012606519,2
5,628,0.5863766127770346,2
1,591,1.1611698730877986,1
3,163,0.23641736970973232,1
1,253,2.448386715212298,0
4,78,1.5122405353994195,0
1,692,1.4366850199940207,1
4,523,1.6739110717593277,1
2,746,1.292856754665296,2
2,302,0.1769524410268998,1
5,435,1.5695470932169522,1
3,111,1.8188173046954337,0
5,564,1.1001977454977276,1
4,479,1.917509372970863,0
5,629,0.6448031184122094,2
1,586,0.6310638185588416,2
4,740,0.4874007704501775,2
2,190,0.9927874234939884,0
3,792,2.1328288849338004,1
4,349,2.0869889491577545,0
4,724,1.0187780991124091,2
1,360,1.5138849663525678,0
3,520,1.8299591595397975,1
2,442,0.6788962591072552,2
4,691,0.503538606147393,2
4,494,2.4330303837095464,0
1,221,1.5821375517030845,0
5,625,2.4553977324007934,0
2,80,0.9106143691173498,0
3,96,1.7872760799379157,0
4,179,0.6342487276989704,0
4,401,0.726880411057391,1
2,671,1.3285650910470976,1
5,630,0.867083501219371,2
4,107,0.5022917532174027,0
2,155,0.7309136847743823,0
1,379,0.18579614671807515,1
5,732,1.7906166915459678,1
3,432,1.281079977006068,1
4,211,0.3261833593708615,1
2,335,0.5120655835083789,1
1,120,0.34608289147034565,1
3,503,1.5702227398621036,1
2,616,0.3261048726699851,2
2,446,1.9102775992845187,0
3,564,0.14922620636893882,2
1,75,0.698501891190141,0
1,362,2.2376000221405774,0
5,175,1.8244751634933905,0
4,457,0.2751239990216505,2
3,614,2.0707026507644315,1
3,247,1.2832842916964915,0
3,237,2.1322792652051903,0
1,747,1.5417754586809442,1
4,765,1.736399276878861,1
5,533,2.4844037449496996,0
2,499,0.6576053102176436,2
2,572,1.597469379427332,1
3,403,1.204771336137756,1
4,707,0.19468468701445946,2
1,646,0.1347295396068761,2
4,149,0.3861485867628608,1
4,665,1.6578201772925156,1
1,607,1.4611914109921413,1
3,605,1.428230946792946,1
4,327,0.1764562300678242,1
2,742,1.226327191264017,2
1,748,2.3190947628220684,1
5,675,1.0542204863455518,2
3,540,1.5998139274922953,1
1,304,1.9715648214955446,0
5,430,1.9814206699405301,0
5,591,1.3462721977486514,1
4,313,2.1590846689656074,0
4,659,1.0393074240729927,2
4,378,2.232863715483516,0
1,164,0.6765451993493087,0
1,325,0.7725193767773705,1
3,537,0.22748949807760263,2
4,330,2.009396407701479,0
5,324,1.1009325669584935,1
2,768,0.6498798733873576,2
3,377,0.6562966662797911,1
1,260,2.26335985895016,0
3,776,2.1013998411064887,1
3,601,1.42847412485724,1
3,75,1.5786659209977307,0
3,76,1.2383813693206984,0
2,751,1.0399997029091412,2
4,132,2.2971445149239957,0
5,731,0.401470488448725,2
3,462,1.1042722953189472,1
3,216,0.9269485791709008,0
3,749,1.295561728602756,2
4,218,1.1983164989084203,0
1,278,1.3453348759625954,0
1,658,0.43580554534478577,2
2,416,1.331539603631865,1
1,577,0.681805153329306,2
3,696,0.542395237571659,2
3,587,0.2556021250868589,2
3,573,1.9303661410147381,1
2,121,1.125860610055744,0
3,694,1.6039448399482201,1
1,155,1.846224023931384,0
4,781,1.7303599967525285,1
4,738,1.2292017258152375,2
5,331,1.0309564694841515,1
1,182,1.002303783137593,0
3,583,1.6361171126321352,1
4,318,1.2875064518604962,0
1,461,2.1379173951724253,0
4,722,2.199284762384109,1
3,668,0.5093449072156443,2
4,796,0.42696076370974156,2
5,67,1.6129622224863989,0
5,166,0.8229417953494705,0
4,193,0.14456972503623727,1
1,766,2.2327424064710923,1
1,600,0.6445618413851397,2
1,715,2.330273564045942,1
4,737,1.8218426821078089,1
1,471,1.9303683757875623,0
3,418,0.583507589903585,2
5,695,0.662066621480351,2
3,607,1.3510426091777579,1
1,99,0.5130396463596691,0
3,727,0.8330360624392774,2
1,155,0.8715099470747307,0
4,265,0.48311183980663386,1
3,707,0.5924388001483858,2
4,474,1.9925244208198158,0
4,121,0.5012700509134441,0
2,495,0.16829774042541396,2
1,235,1.6104518623094524,0
5,119,2.44235948654188,0
1,199,0.8949131550954913,0
5,295,0.3847736876710055,1
1,587,1.468929580882074,1
4,701,2.2752501066295507,1
3,148,1.9817482715883492,0
3,327,1.5940380841905184,0
2,612,0.8561355918582385,2
5,712,1.4005124158629279,1
5,504,0.3189876191302129,2
5,153,1.7294690182736079,0
4,650,1.840230445354362,1
5,702,2.416075894983805,1
3,774,0.7249536609881719,2
4,282,0.14429540570325433,1
1,443,1.4094603146251614,1
5,550,1.7962972105523547,1
5,744,1.9969779421191711,1
1,300,0.5649734392595455,1
5,570,0.7282068856888567,2
1,128,1.3302182206415112,0
4,101,0.8934419439280044,0
3,275,2.1652275678098682,0
1,100,1.2370243689729288,0
2,235,2.018988745844807,0
1,83,1.493487425157649,0
5,791,1.9554163398810687,1
4,180,0.8984151676727772,0
4,681,2.095399892632747,1
1,492,0.7589735573224518,2
3,481,1.410637139207898,1
2,753,0.6136170716172981,2
4,546,1.2412636519028641,1
5,452,0.8636205028208875,1
5,372,0.7400882335293142,1
3,259,2.42076404326729,0
4,664,0.48417785316815354,2
1,378,1.9895820098977486,0
5,421,2.461995902759716,0
3,509,0.1477635609761868,2
4,182,1.777665793701028,0
4,700,0.706988333335089,2
4,170,0.19717077838793068,1
4,655,1.066934989495914,2
4,501,2.3445227444101002,0
5,178,0.12823622648079444,1
3,140,1.510925660631476,0
4,653,1.3033515486287783,1
2,624,2.196121994490514,1
2,78,0.30160411484950156,0
3,771,1.735662471727961,1
1,573,1.7322632762398655,1
1,382,1.7057920404694797,0
1,346,2.3616027878440886,0
2,179,2.0754100696165128,0
1,342,0.20073454298441443,1
5,222,1.2305988416908316,0
4,769,1.0550873348832004,2
2,73,0.844353330617925,0
3,148,1.1832081403698336,0
3,455,1.022066043822346,1
4,405,1.1376013597087968,1
2,188,2.450228477460742,0
1,552,0.3127191393989938,2
1,223,2.3133540876129515,0
5,78,1.2525681123304642,0
5,545,1.5969813891988989,1
1,704,2.092439119882465,1
3,400,0.9651112699582133,1
3,603,1.1330125794111205,1
5,348,1.0828443526689135,1
4,769,0.9993544540858236,2
1,241,2.321270371952548,0
5,721,2.089431738863229,1
5,113,0.36159997567114266,0
1,713,0.3594960459450305,2
1,264,1.1268868356471788,0
3,215,0.33677770415874175,1
4,592,1.5858234286506872,1
4,281,0.44485985742816136,1
1,590,1.3536958335203226,1
2,244,0.11732787280892261,1
5,555,0.8598312361903521,2
5,383,1.725257736814373,0
1,353,1.2616934565468363,1
2,486,2.4478467663975714,0
3,372,2.1978491105589057,0
1,551,0.9617698697035628,2
1,442,0.20916769953345904,2
5,648,2.1295031202760453,1
1,198,2.2869623447552114,0
1,454,2.069505744205688,0
1,332,0.40707985820743564,1
5,411,2.4949963225894907,0
3,428,0.7206021317266571,2
3,247,1.8380917907400882,0
1,605,2.279283703205732,1
5,405,0.6656490743937026,2
3,589,2.2798205312249586,0
3,478,0.8427557900676806,2
3,66,2.4433917337217346,0
5,688,0.775024048913139,2
5,428,2.3882459794188042,0
1,729,0.22850716214241978,2
4,555,1.8022528280075514,1
3,125,1.377066721208809,0
4,280,1.2469049850945535,0
5,765,0.6363863542140159,2
5,297,1.7934298954635808,0
5,351,0.557942779471137,1
4,775,1.4268203103634438,2
5,264,0.7077888712966018,1
1,207,2.3934913114752545,0
5,118,0.16871486520556678,1
2,442,0.5793478722669677,2
4,134,0.6815454553298745,0
2,316,1.0937627818427593,1
5,118,0.6585525804881285,0
1,660,1.2792378166450846,1
3,396,2.1939172558204936,0
5,777,1.80895221138201,1
1,722,1.4919087532842665,1
4,472,0.31360762715843116,2
2,655,1.7655810601342614,1
2,223,0.4993942823462556,1
2,726,1.987281726308075,1
4,164,0.7001362204243676,0
1,269,1.1009169479701622,0
4,80,0.941128485563027,0
2,572,2.161153395219656,1
5,392,0.40370670091217953,1
3,426,1.4575477177234928,1
4,179,0.4409478626633494,1
4,666,1.791510006717248,1
1,588,2.272187506706755,0
1,788,1.1430583692814082,2
4,51,1.271421424635942,0
2,150,2.3258148075586296,0
3,582,1.3503793327584572,1
1,107,1.2702362513189462,0
2,438,1.48798984649033,1
5,741,1.7541513672710847,1
1,390,0.35652010020887537,1
2,69,2.0706652665796383,0
2,304,1.1452120658878222,0
3,366,0.2736364237539653,1
3,87,1.9868384060757114,0
5,709,1.004679932047053,2
2,586,0.34088198822812943,2
2,435,1.6210696949038013,1
3,682,2.21231524824074,1
1,75,2.2306084225935674,0
1,503,2.3983923395415356,0
4,730,2.182493103440051,1
3,372,0.10513820642914054,1
4,786,1.0125787993921365,2
3,562,2.064502191773207,1
5,62,0.9790072143963381,0
2,609,1.5437164153112948,1
5,420,1.5551606736988768,1
3,340,0.9760607296931753,1
2,381,2.2707374254750903,0
1,655,1.3077480289266823,1
1,310,1.215482094250002,0
4,254,2.49403298958855,0
3,746,1.28440087377428,2
3,736,0.5281558046285946,2
1,436,1.3313666148722514,1
5,517,2.053640165247832,0
2,464,1.9644647845558754,0
5,118,1.9925962362603304,0
5,521,1.7992570815949882,1
1,153,0.7101227897600517,0
1,210,2.1690018060165555,0
1,249,2.244264316903036,0
4,265,0.5659664718845178,1
5,261,0.4130935277233454,1
3,557,2.441451924613869,0
2,65,2.183977512760883,0
4,547,2.243766753303872,0
3,381,2.2273033230985484,0
5,766,1.400048377680948,2
1,600,1.6513641679979194,1
5,650,1.4088708451207401,1
2,305,0.22289523805678976,1
4,777,1.8892074048466545,1
4,221,1.3127968800061127,0
2,698,1.6545017794965515,1
3,547,1.3063355319412848,1
3,520,1.2803471735738943,1
4,433,0.5122938627466403,2
4,739,0.7689129163387575,2
1,638,0.4812464606654939,2
3,749,0.5695991095008218,2
2,556,2.435145713008732,0
3,576,0.4674722698532763,2
1,374,0.7462490183324983,1
4,263,1.517415178572604,0
4,257,1.5644285829679405,0
1,218,0.46953791138518974,1
2,379,2.0049218218845093,0
4,329,1.98448688299078,0
5,354,0.6695624900893385,1
4,195,0.7927991264211051,0
5,565,2.351170877102793,0
1,139,2.0816114703507473,0
1,502,1.7747128793500573,1
4,109,0.29735973162544127,1
3,360,1.1038337941661818,1
5,577,1.4423244929843848,1
2,276,0.5497870911610646,1
4,523,1.1757437970597389,1
2,590,1.542462105972856,1
4,712,0.885704032276958,2
3,128,1.9742675654811692,0
3,482,2.117078995933133,0
3,202,0.8766627266417698,0
3,450,2.112777170781897,0
1,328,0.348583758647236,1
1,106,2.1105498366943753,0
5,235,0.46660103600227987,1
2,447,0.2990251660233425,2
4,654,1.640260970658427,1
4,207,1.2326496778127065,0
1,742,2.2789374409907985,1
4,408,0.9716540706180381,1
1,489,0.7891654322503088,2
5,638,1.3017637747460762,1
2,515,1.1942708458447873,1
5,712,0.9266273109212517,2
3,495,1.7649791168759885,1
3,799,1.92294840139338,1
3,792,2.147161525672328,1
5,537,2.434855851304823,0
4,579,0.7399748611180107,2
2,122,1.8186243579759076,0
3,750,1.0462197651897887,2
3,66,1.7249967326826594,0
3,580,1.2423560568381289,1
2,780,2.485055446643036,1
3,375,1.8493651258977999,0
2,681,2.3859791210423786,1
3,662,2.103926918754846,1
5,595,2.2669624267920905,1
5,645,2.05460607331522,1
2,757,1.2019819129021874,2
5,251,0.7042922880325224,1
2,393,0.9887684210812533,1
5,572,0.14856695833588107,2
5,449,1.3575836019152012,1
2,267,1.312138720648981,0
4,494,1.3606011155931717,1
5,271,2.437674939932953,0
3,432,2.2874896082916143,0
4,641,0.4881106679922592,2
2,56,0.985318051734134,0
4,321,1.1174948307118286,1
1,788,0.9652790028439546,2
1,65,2.016390312649391,0
5,473,1.3576904076822087,1
5,573,1.4730395607319002,1
3,70,2.147232541571021,0
4,739,2.0342275681968607,1
1,277,0.4173076547687192,1
5,337,1.8133950018007223,0
4,183,1.1450467093648853,0
5,332,0.8071573673500011,1
5,453,0.22004517016524722,2
1,714,1.2693989448290823,2
1,115,0.9530480337388753,0
5,698,0.7036312952233619,2
2,653,1.7672121510326981,1
5,486,1.9467649295574088,0
5,308,0.6874948456706195,1
3,152,0.2186738480304334,1
3,616,2.137006481356564,1
3,150,0.12390337889032797,1
2,247,2.349069985411533,0
2,275,1.6062876975584943,0
5,512,0.8724319244831686,2
3,286,0.6915469829841668,1
2,75,0.1216135942347406,1
1,170,0.6651314008261051,0
5,555,0.4305479236411387,2
4,231,1.5691989297355495,0
5,760,0.49970941262512314,2
4,683,1.3687116100878864,1
3,592,1.51627941362673,1
4,364,0.8153000760325948,1
3,667,0.18415587764492491,2
1,785,0.18940931347407064,2
4,322,0.16323359726540226,1
5,281,1.873899201127711,0
3,469,0.8632232915543154,1
5,491,2.0111204463223924,0
2,545,1.136158777222838,1
3,73,1.1871954419919133,0
4,158,1.330918246022977,0
3,752,1.8112754953002494,1
5,551,0.7564068779912969,2
1,74,0.3918096388804646,0
3,236,1.4345376044595077,0
4,337,0.8847462957825742,1
2,677,1.16197915280329,2
1,387,1.652672100009533,0
2,86,1.2859017787390494,0
3,186,1.588669161042023,0
5,557,1.406080005072707,1
5,276,1.875511292646638,0
4,369,1.794247882507888,0
5,231,1.3820557403406861,0
1,135,1.7293672500632966,0
5,516,2.1965430454542707,0
4,102,1.1374510906916047,0
3,284,1.0906313745971048,0
3,482,1.9341894900457124,0
5,545,1.4981292089007858,1
2,149,0.2704162725342125,1
3,648,2.241068837658595,1
5,452,0.17387944537033634,2
4,445,1.8961512549033834,0
5,576,1.921105942490351,1
3,464,2.387466604676633,0
4,662,0.22992258016556982,2
5,726,1.5324564658827784,1
1,512,1.126817369504927,1
4,590,0.8935190916629008,2
1,675,0.31676454471777526,2
2,668,1.4503698872111421,1
4,413,1.2496977416190729,1
1,179,0.35093069956245826,1
3,133,1.5699748170330001,0
3,320,1.8710874886070523,0
2,293,1.9414679225287559,0
4,437,2.272895651829826,0
4,263,1.0827297805330653,0
4,215,2.3873746446931285,0
2,108,2.1770305721984466,0
4,651,0.8116037704574537,2
3,553,0.48227928963870037,2
1,755,1.1449345507072322,2
3,172,1.06455689909432,0
3,697,1.4817263327948904,1
1,462,1.5001269575865952,1
3,188,1.8999687625119406,0
2,278,1.3237358756934645,0
1,323,0.35157433825783735,1
3,488,2.159899205327455,0
5,611,0.8434349996444489,2
3,167,2.431113904735821,0
2,763,0.3828642608314483,2
4,532,2.399802813358008,0
3,444,0.31842833651804076,2
4,752,0.6544867310729426,2
5,509,0.2117918610076998,2
3,742,1.792271551933588,1
1,127,2.1407169677723004,0
4,461,1.141770596358353,1
5,124,2.328452980101831,0
1,344,1.516717772213439,0
1,70,1.6120171250716557,0
1,220,2.1290060840818477,0
1,64,0.8123204921244134,0
3,260,0.9502377311863018,0
3,609,2.2742846060671464,1
3,135,2.262312390493033,0
5,198,2.44355866288209,0
5,749,2.2644119594600105,1
5,421,0.4056928864800662,2
2,529,2.0769382867287693,0
5,200,1.0836123474630257,0
3,190,2.4779232542702507,0
3,118,1.2334743143891227,0
2,309,1.4292065980053295,0
2,570,1.3714597966163165,1
5,682,0.8721688716598667,2
4,420,0.2800530133430036,2
2,468,2.2495629529646046,0
1,150,2.0264219500630882,0
3,710,0.4348642733432062,2
1,707,1.964243851240175,1
3,292,1.6020319985214642,0
3,561,1.0819450910022934,1
2,604,0.7096507578293505,2
2,144,2.163349080405358,0
1,275,1.7804518223057273,0
3,567,1.4145757827259284,1
1,263,1.562964481356314,0
4,767,0.31855883699723436,2
1,116,1.2374074261868606,0
5,445,0.5648807026856848,2
1,661,0.6001208296211809,2
5,61,1.6871295094884802,0
5,286,2.2870147644022913,0
5,448,1.0690158651480317,1
4,456,0.5985982552292569,2
1,529,1.65699264936797,1
1,696,2.1908489112407628,1
4,271,1.895965122693978,0
3,205,2.185017353287809,0
2,703,1.3877312104259185,1
1,477,1.904502986486058,0
2,207,0.4361549424614475,1
4,465,0.9358590768716595,1
3,375,1.034917994755654,1
3,420,1.327109790990483,1
3,393,2.3297832646163767,0
4,311,2.198311744533218,0
5,332,0.42286118149404284,1
5,278,0.5146951645179116,1
2,329,0.9583373190133871,1
5,339,0.7977852781376173,1
5,729,1.5754502875750296,1
3,96,2.2666625146349078,0
3,764,2.409499700014208,1
2,263,1.6686470860845437,0
1,73,2.111582083362608,0
2,370,1.3604852805539132,1
2,323,0.5999846724640953,1
4,605,1.3592521890243459,1
4,362,1.4321982434503626,0
2,412,1.881898154112536,0
2,717,0.6277191752976378,2
2,429,0.9839449170081561,1
5,760,0.9736659261149591,2
4,723,2.4026550297787956,1
2,519,1.1654679047841254,1
3,795,1.9122255215155515,1
3,724,1.9019473152986537,1
5,165,0.7373060435277793,0
5,654,1.472487254492157,1
1,91,2.2463269439647555,0
1,428,1.2404745266966788,1
1,771,2.3682820176221107,1
5,255,0.6146997503779877,1
5,515,0.27798185385767377,2
5,781,2.2394892955473984,1
3,329,2.13443487510932,0
5,697,2.4822157022412275,1
3,667,1.7305443714698225,1
1,167,2.3480510240011587,0
1,286,2.0846776602018657,0
1,358,2.1266231994882085,0
2,505,1.4659397690902438,1
2,524,1.017675035000106,1
4,149,2.342939374103876,0
4,310,1.1370812214781467,1
4,354,1.3931664813992057,0
2,403,1.1706743371004507,1
2,335,1.455563953504473,0
4,377,1.2292121895815853,1
4,152,0.2151221405907421,1
5,112,2.2169156464184767,0
4,736,1.1665451653978476,2
5,331,1.513464756417637,0
3,490,0.4340507266191689,2
2,342,0.10813083515833394,1
4,787,0.688696224744743,2
2,56,1.7910064771200407,0
2,688,0.3380668722709086,2
2,141,2.2813298569275227,0
3,239,0.6160541664548429,1
1,525,0.591024674300262,2
4,560,0.5356191078915893,2
1,511,0.13355611113127538,2
1,102,1.952333124347763,0
1,535,2.2000828749886203,0
2,693,1.5739904862788774,1
5,539,0.5516799560316695,2
2,413,0.7846671926581114,1
2,161,1.242224073675912,0
1,458,2.390430283895922,0
2,56,0.6936432923625827,0
1,791,1.8559501694077314,1
5,717,1.1546757359030089,2
4,246,0.8148336360640522,1
1,784,1.1941982488530731,2
5,416,0.2708961220989581,2
4,299,2.0168496902328696,0
3,644,0.6839246271591211,2
1,289,1.8409890956631292,0
1,429,0.2640360914756673,2
3,520,2.3922365347976466,0
3,750,0.5632359649736767,2
1,504,2.218580982896993,0
3,415,2.0427357030770428,0
2,339,2.4228638177953985,0
4,452,1.2469375862697991,1
4,107,1.8457535052302838,0
4,570,0.9897055768906817,2
2,353,0.5424837712472652,1
3,164,1.1633822390402773,0
5,259,0.49779763693229173,1
3,90,2.4569070946873213,0
1,222,0.3309915787377193,1
4,283,1.514108136286289,0
3,639,1.6035132526097342,1
5,669,1.3913909028977303,1
1,452,1.6892461257084006,1
2,88,0.37883386002853825,0
2,168,1.4320444580926985,0
5,384,0.7893101707056677,1
1,385,2.356422551922536,0
4,588,1.9289719682553417,1
3,665,2.4340347571833822,1
1,123,0.1901345673764549,1
2,240,0.7843196204337008,1
5,373,0.5690142079320376,1
5,196,0.1267710095483932,1
3,333,0.6815817525911714,1
5,262,1.7290623604490294,0
5,684,0.6546134131229645,2
1,767,1.3216082691582838,2
4,443,2.230763475915997,0
3,388,1.7650190088377806,0
1,71,1.0471097677744767,0
4,154,0.9939254533890599,0
1,515,1.1937659536203633,1
1,508,0.5248994585437753,2
5,481,1.6216018417983715,1
4,765,0.9739667658510531,2
3,668,2.145676838228905,1
3,270,1.915726384138759,0
4,428,1.5652315938211843,1
5,271,0.9740853343588385,1
2,307,0.6038363960163625,1
1,762,1.9627644738534948,1
5,416,1.2673818375786077,1
4,398,0.6394000916256579,1
1,274,0.5684190760960149,1
3,763,0.49696217080326166,2
2,787,1.965186870893428,1
3,285,0.6495692447207481,1
4,232,1.363941432460474,0
1,761,1.1837112663353355,2
4,493,1.4910661581478815,1
1,672,2.2051717608908663,1
5,55,2.1825937361961536,0
2,285,1.1825825723796632,0
5,176,0.13687900176333595,1
5,153,1.1234651337143278,0
4,798,1.554864489817937,1
2,529,1.4386354218353483,1
1,204,1.6632066539204933,0
1,306,0.46978175793540033,1
3,284,1.651684237073758,0
1,549,0.5383638849850534,2
4,338,1.9012575536721976,0
5,559,0.913810271830432,2
5,601,1.8037490401154885,1
5,758,0.214877437374657,2
2,618,1.0788640614181921,2
1,347,1.7920828534319986,0
4,659,0.6444892391955859,2
2,186,2.008688907513334,0
3,425,1.6138713594518368,0
4,136,1.510148253159516,0
4,468,0.9485172500904091,1
4,248,1.2578835289146821,0
5,512,1.5336383223468475,1
4,486,1.2339090733957372,1
1,359,1.7759519774573442,0
4,645,1.140872639456703,2
5,330,0.5854556361808728,1
4,372,0.6134410787225133,1
3,751,0.11392904522305863,2
3,201,0.8222985173408138,0
5,351,1.8974023371484472,0
1,327,2.005990501210263,0
1,700,0.5859221010298,2
2,737,2.4017055924913784,1
5,57,1.3057667043523042,0
4,284,2.300748997644406,0
5,724,1.7962366764679147,1
2,610,1.8338402152537914,1
5,351,0.3041046911345707,1
5,87,0.6279787045526336,0
2,185,0.12115559990673433,1
1,470,1.81870633714417,0
4,268,0.9266518922284239,1
2,397,1.9879660385832323,0
3,595,0.913446927848863,2
1,128,2.0664010055172666,0
3,797,0.41367580899595124,2
1,322,0.5160955762180197,1
4,210,0.9181036950014475,0
4,736,1.080369733317456,2
5,357,0.936886746023148,1
3,423,1.9327528780557277,0
1,782,0.3326833423041153,2
4,58,0.9429208471323713,0
2,493,2.1093759988371024,0
4,162,0.2603129854292128,1
2,254,2.361624418411258,0
1,454,2.467160421452831,0
4,747,0.3125636171801922,2
4,246,0.7990540534137687,1
1,164,0.9937615984848547,0
4,170,1.9633392847665425,0
2,702,1.5302243490801613,1
4,114,1.6464776811821618,0
3,325,1.9180235747644143,0
5,288,0.3831495986488618,1
2,351,2.0997026965846297,0
3,441,1.7934875300323456,0
1,571,1.4856201404712888,1
2,418,2.235364803479336,0
5,282,1.7807352493211372,0
5,244,0.5840799103144609,1
1,61,1.1313889145816003,0
1,738,1.28570288064576,2
2,226,0.23252230420097356,1
4,266,2.391130032064134,0
1,60,0.40858542591250835,0
4,495,1.7739070413441445,1
3,679,1.3149544866181124,1
5,213,0.1615173997226142,1
4,600,2.319393942074468,0
5,102,2.1444083411654398,0
4,267,1.3582190269692054,0
3,767,0.6494616067346686,2
1,409,0.39189493763222616,2
3,434,0.9721419506371038,1
1,105,0.7130278745106171,0
1,167,1.316058882415117,0
5,302,2.4193823106962293,0
3,229,1.4798883837511394,0
4,464,2.235834534136235,0
3,284,1.6621092099898653,0
5,757,1.240591663809281,2
1,129,2.151058150560091,0
5,696,1.231283464415194,2
2,71,2.1847076092248665,0
2,526,0.7997842469818366,2
4,489,0.40915137703117144,2
5,786,2.152754714471052,1
4,619,1.5097963931024003,1
4,142,2.2338217557975044,0
2,241,2.3507852967817198,0
4,152,0.228708136891478,1
2,445,1.3023263244612842,1
1,56,0.9999149177788702,0
5,689,1.6020601529682812,1
4,616,2.0046188732855765,1
2,280,0.7734165183384855,1
3,623,1.436316122495612,1
4,289,1.800948591771759,0
1,139,0.4226345988057616,1
1,281,2.0537605742830403,0
3,506,1.5546630396471355,1
2,282,2.378889849072764,0
4,403,0.9148694059136638,1
2,382,0.3595502616092767,1
1,488,1.3156028824886208,1
2,424,0.30594585210265324,2
1,341,2.426863655977616,0
2,394,0.1928438998172597,1
3,713,1.9084093626575394,1
5,477,1.3602457555413856,1
3,706,0.9846895659958927,2
3,179,0.2580211948207712,1
5,190,1.5932006180166587,0
5,464,1.5045287905382927,1
4,142,0.7741198553622394,0
4,675,2.284532083384749,1
3,333,0.8298640176228085,1
3,704,1.1793409854210548,2
1,272,1.4050298942047736,0
1,793,0.34055650762308665,2
4,512,2.3371881261127174,0
4,594,0.9988867658824986,2
1,325,0.29387011329842466,1
1,731,1.029498816820792,2
2,189,1.5404861130221936,0
2,406,1.332766412371191,1
1,762,1.7669007376894577,1
2,72,0.2331614609629855,0
5,785,0.7828974646529346,2
4,319,2.0661533844162454,0
4,714,0.29174485069926603,2
1,382,2.1531662912702982,0
3,134,0.320550620985055,1
1,670,2.102690115740071,1
2,80,0.965892162588944,0
3,790,1.569301751817318,1
2,289,0.46692907755519564,1
5,412,0.25880493214043404,2
2,438,0.6182516896483241,2
5,702,0.40684916298086926,2
5,717,0.8497741544311163,2
2,348,1.3345197916264484,0
2,420,1.513022712556023,1
5,148,1.995683457711383,0
3,96,1.6749757437960608,0
5,471,1.5610199803109273,1
4,529,1.088276865965859,1
5,628,1.2371402439043329,1
3,111,1.0948499905364346,0
4,158,2.1211984721473196,0
1,728,0.6520010861161596,2
1,598,0.11373023570071511,2
3,168,1.6631677533429743,0
5,647,0.5859092407331953,2
2,431,2.236276327143542,0
3,441,2.1617111912959746,0
4,101,0.2841456926276941,1
4,652,0.3553321729937856,2
1,338,1.288411821391999,0
4,386,1.5621343906464513,0
3,253,0.7597800099573777,1
4,287,1.8203145200784896,0
3,431,1.5277984502052917,1
2,716,0.8795778633965312,2
1,185,0.16089157130155743,1
4,456,1.9003606751164424,0
3,557,0.6154087979801984,2
5,411,2.102736984310308,0
1,430,1.1086966241302125,1
2,625,1.484985862316237,1
3,684,2.1950769529816045,1
2,303,2.1726952022078883,0
2,526,0.9916469805845758,1
4,163,0.6013333425156234,0
4,69,1.9603505865486273,0
3,577,1.1393924886451148,1
5,194,0.5609007845416097,1
3,257,2.2706208215611605,0
5,580,0.5754500661786097,2
2,425,0.1619372036589546,2
1,553,0.14867193704180792,2
3,215,1.5935568554902344,0
3,599,1.688020145722073,1
5,230,0.8465000921367614,0
2,666,0.8680263741929521,2
2,661,0.9147853961438626,2
5,651,1.7323805122213087,1
2,493,0.2395210984643886,2
4,381,2.3298792464591815,0
1,552,0.6340505060258714,2
3,128,2.4992156925810214,0
1,634,0.5116544650892487,2
3,737,1.9517114975497059,1
4,445,0.6361901078311001,2
2,657,0.2940323239438095,2
5,152,2.1998399784415574,0
4,451,2.1610030220581407,0
1,273,1.0685689418790432,0
5,567,1.7857507420970244,1
2,683,1.4369582384414012,1
4,285,2.1470946728169973,0
5,476,0.8561343263647706,1
4,165,1.3568137599975645,0
4,212,1.2648936908909212,0
2,275,0.9493739830164609,1
3,279,2.2394921549352933,0
5,231,0.49810701919008515,1
2,298,0.4588207348496708,1
4,367,1.4845828847746032,0
2,259,1.6779861519638608,0
3,705,0.5670862103789563,2
5,441,1.037721861411098,1
3,145,2.371753223148985,0
1,135,0.6918818144576175,0
5,464,1.7040656850817457,1
3,443,1.876358544874218,0
4,745,1.175508878716383,2
5,682,2.350062368222999,1
5,550,1.8679761645250972,1
2,653,1.1990189916661549,2
4,631,1.4664044842626256,1
1,182,1.7622722642202417,0
3,698,1.5212564330301237,1
2,363,2.208874201182582,0
3,748,0.9565327894729627,2
1,270,0.8197257761339318,1
1,487,0.6132133347886343,2
5,95,0.19067912335502835,1
1,241,0.2032335145121328,1
3,569,2.1881324634622787,0
4,428,1.7281435513741776,0
4,740,1.6852777970475668,1
5,383,1.5751427654437264,0
3,88,2.1381259472658516,0
3,342,1.2526406215975059,1
1,739,2.1889859885399208,1
3,211,0.9626680628373739,0
2,380,2.324098010413817,0
1,153,1.7767767521949762,0
2,210,0.7172251264586254,1
5,684,1.4538038120527004,1
4,103,1.3792733475718133,0
5,83,0.4309571721528015,0
4,291,1.518982973801474,0
5,162,0.8554854969206991,0
3,367,0.22563704034304582,1
2,72,2.3767747784957556,0
4,607,1.6395768857542907,1
1,696,2.204605436490033,1
2,167,1.7225344120318076,0
1,750,0.956760861136271,2
2,692,1.3304513735891474,1
2,261,1.721792224833225,0
5,467,2.4046055804834503,0
4,162,0.7088067018920715,0
4,93,2.1999449406978826,0
2,177,2.3177867327062467,0
3,207,1.7089972351814957,0
3,443,2.3350399057632107,0
1,561,1.0549086099456844,1
1,94,2.3872388224970624,0
5,157,1.7866789051983398,0
2,268,0.20081384180514855,1
1,492,2.2764947963657267,0
1,364,1.2627347416796622,1
2,226,1.204784763466799,0
5,277,1.4595198543511223,0
1,752,0.458522912250947,2
5,721,1.2259985165617568,2
4,316,2.0947053201225896,0
5,428,0.1371579019300368,2
3,538,0.7550011847784911,2
3,751,0.10589100746522613,2
5,736,1.097707141959636,2
3,339,1.8479572251849632,0
4,406,2.0170523898751083,0
2,706,2.368455426704816,1
3,793,1.5604110711298878,1
3,253,0.711104479966949,1
5,262,2.3179550779280773,0
4,601,1.9607578093129026,1
2,372,1.4786283592075469,0
5,643,1.7695365177254463,1
5,230,2.3183592520178298,0
4,548,1.809745668335012,1
2,369,0.9840988182033615,1
4,132,1.811267685493832,0
2,352,0.19666759056493088,1
4,311,1.027397348393395,1
5,249,1.0751752764293903,0
5,289,0.5004117626100032,1
1,741,0.15540515332424842,2
3,732,0.4201149679305828,2
4,344,1.6710915899129322,0
1,561,2.02549315927285,1
3,738,2.471688382544738,1
4,445,0.9312724074603862,1
2,798,1.5385101334266442,1
3,187,2.349147920356293,0
5,178,0.5009002752115663,1
1,98,1.8223494072225825,0
3,725,1.9119489595579917,1
3,342,0.3135412860864121,1
5,677,2.166998524439356,1
4,585,2.0514521130660253,1
2,360,0.18016721578584266,1
5,586,0.31860259571212357,2
2,688,0.21790454534044557,2
4,283,0.9033844763184693,1
3,258,1.3222935776318228,0
2,654,1.377634547091109,1
1,143,0.7424002234466623,0
1,376,2.287832527744658,0
5,274,0.9838306956925916,1
4,60,0.20932037431684603,0
5,378,0.8205450676993272,1
5,61,1.3746626141059732,0
5,84,1.0797323742117568,0
1,496,0.757222045838222,2
1,501,0.4151757994343618,2
5,789,2.065994800230951,1
1,269,2.4907485810980603,0
4,490,0.890901120457317,1
5,702,1.0158905060238494,2
1,584,1.583290059224697,1
2,644,1.8242595393652992,1
5,278,1.0408708835286191,0
5,393,2.2718308407563566,0
4,129,1.4440095741494041,0
3,402,1.1809361833742344,1
3,445,1.6520146075837723,1
4,339,2.3867292357980157,0
4,504,2.006925506612093,0
4,720,0.1960315132842984,2
3,177,0.8975437857759031,0
4,751,1.2293072438829344,2
1,592,0.8548421733018525,2
5,408,1.7804501459930957,0
5,576,2.0830459596701942,1
2,362,1.8552282284446517,0
2,124,2.4743998883878606,0
5,595,0.7541143549432698,2
1,245,2.1999747880586114,0
3,78,1.939894396418767,0
3,755,0.9692290181395506,2
1,65,1.861898904776725,0
3,472,0.3497822954037927,2
4,638,1.9944003576173257,1
5,642,1.3775934462090464,1
5,454,0.8014964145022075,2
1,685,1.6738655242820324,1
3,580,1.6398879969145816,1
2,663,0.6027669345270392,2
2,126,0.17295379554766271,1
3,278,1.1406942085640173,0
2,346,1.466828486426611,0
1,559,2.203852668089436,0
1,764,2.3277203095542265,1
3,622,1.3691325235762395,1
2,587,1.9091283610445078,1
1,632,1.1543278535871926,2
1,664,1.8905971757749434,1
4,375,0.5915236598540006,1
4,412,0.9905553635284754,1
1,718,1.6221471971526755,1
3,408,0.1435791174569892,2
5,755,1.8339071448134896,1
5,373,2.1052852030436005,0
1,747,1.0579399866254835,2
1,375,1.1750618012251943,1
1,674,2.143077309319674,1
3,214,1.96157112478248,0
4,622,0.7915587736801,2
1,653,0.8775426557476935,2
1,504,1.729307757737432,1
2,202,1.451675421875587,0
3,786,0.4893509706315926,2
1,176,0.8438317821499993,0
2,242,2.2599598645087697,0
5,676,1.7516186481334322,1
1,579,2.4663383624452466,0
1,59,1.9408300719538465,0
2,141,2.3607386371446166,0
3,188,0.6188525772891409,1
1,530,1.9515636995606218,1
5,498,0.14852204835471383,2
1,382,1.7098240521076815,0
5,389,1.2262774674885792,1
4,101,0.9322241726081647,0
4,756,2.169770445503414,1
5,515,2.1502424623780736,0
3,767,0.15352409175674459,2
1,524,1.5628122938786344,1
1,450,0.9827973383702954,1
4,488,1.097586403601078,1
5,654,2.096897774125062,1
1,706,0.8436154516664278,2
1,647,2.363317145530288,1
3,558,0.5311211832931378,2
2,202,1.6905338160836267,0
4,563,1.7130521608330354,1
4,552,0.7052683874270036,2
2,725,0.8794014615212847,2
1,55,2.103516382191857,0
3,549,1.9283326118918858,1
3,710,0.8898301127554229,2
4,766,1.3814957126438414,2
3,167,0.2480327110074291,1
2,534,0.6009901177567101,2
1,650,1.265969341264958,1
2,715,0.30633696467010785,2
5,728,2.12399765174065,1
4,517,1.823214904258355,1
3,210,2.3647208095563874,0
5,319,1.7643205743136652,0
3,105,2.3569632934292453,0
1,277,1.430830133658316,0
1,198,1.5405246665487267,0
1,95,2.4447305311030263,0
3,193,1.641109952474225,0
5,799,0.17388776526579186,2
1,681,1.837126663913256,1
5,389,2.2731248611297974,0
3,462,2.0093925995063837,0
5,781,1.5011998543010143,1
3,569,1.7111284314244393,1
3,393,2.476460294204012,0
4,436,0.317589012422412,2
3,522,1.701387588719775,1
3,324,0.7801544669694251,1
2,402,1.6362169518068082,0
1,115,1.5582965821214532,0
4,128,0.46829639705958903,0
4,647,0.596191949776574,2
4,685,1.5919109873037125,1
2,251,0.40775187352905795,1
3,711,0.7364341003127748,2
1,607,2.104589314571206,1
5,162,0.8850196144039326,0
3,140,1.271344375047191,0
2,190,2.3587368043500168,0
3,338,0.645157813208671,1
3,779,1.035102441659225,2
2,638,1.5554986613045096,1
4,460,1.9128134308095333,0
4,426,2.263968128110492,0
1,433,2.2971351701764364,0
1,201,1.963936178494295,0
4,676,0.647994007823945,2
5,368,0.15954239210215793,1
3,418,1.0210574328534971,1
5,655,0.43971724237077603,2
3,609,1.8049303538519155,1
4,752,1.6867134083817203,1
1,511,0.2055319398914916,2
1,61,2.107825069914283,0
5,205,0.6969838390988374,1
1,733,1.1373449811785015,2
4,526,1.7030409650937819,1
5,450,1.130605088445408,1
3,226,1.1590907267198642,0
1,390,0.2575071888057769,1
2,106,1.0634645182240092,0
1,497,1.9356349437279603,0
3,252,2.2964232092478345,0
5,746,1.0923931289520923,2
3,682,1.1166059845097893,2
2,787,1.7863050551767652,1
4,251,2.3626528026526636,0
1,379,0.7409462565744644,1
5,412,1.1563460956910485,1
4,503,2.0103357845255228,0
3,405,1.5632645664976925,0
5,265,0.36540722551349136,1
4,604,1.6065585653494379,1
5,72,0.5481910830335845,0
2,204,1.32451824178817,0
2,235,1.3698478423850524,0
1,298,2.2028880693399637,0
1,798,1.2099862576298517,2
2,183,0.770661813366146,0
5,370,0.6543192357184757,1
2,439,2.1982045040424065,0
1,483,0.5104260506037481,2
2,71,1.122084546119545,0
2,649,0.5492154758246728,2
5,714,1.955929696274501,1
4,174,1.2384943359390856,0
1,128,0.9427448573363488,0
5,100,0.9666391375035204,0
2,777,2.1453140961351505,1
2,225,1.4290574903066515,0
4,302,1.8228828427150328,0
1,295,2.2528924390016427,0
1,788,2.264180022497541,1
3,155,0.8884217304108715,0
1,242,2.385883031551325,0
4,365,0.15970211683505306,1
3,351,1.0044053464387976,1
3,597,2.24991725802122,1
2,765,0.759128511560759,2
2,317,0.755395480771164,1
1,219,0.8262934841965328,0
3,600,1.5695521236326133,1
2,504,1.151998661474449,1
4,700,1.8441636072480223,1
2,341,2.247785542155198,0
2,613,1.7180784998628655,1
3,190,0.5907201284741812,1
3,195,2.338436565665205,0
5,474,0.7347828960339484,2
4,363,0.4597463087875795,1
3,233,0.31592146926630615,1
1,713,1.4521209775987975,1
4,762,0.37302990995356433,2
4,177,0.4330621218703138,1
3,336,0.8200731534291918,1
4,302,0.7759672232427132,1
3,749,1.5501748247971416,1
2,435,2.0601886707344357,0
5,279,1.9272391748869417,0
2,320,0.7299626913195442,1
3,464,0.6887451951663518,2
3,247,2.417899672256722,0
2,372,0.1197669798207043,1
1,105,2.211329279344518,0
1,252,0.5793484458937719,1
1,670,2.373482375415443,1
3,677,0.9215374835860473,2
4,653,1.1568442573438056,2
3,187,1.7970894734665144,0
4,471,1.5104057235358248,1
2,106,0.8630543912963747,0
5,611,1.4291941980827765,1
4,120,1.853696522470927,0
1,643,0.20160387016598103,2
3,421,0.1268783326136899,2
2,666,1.1993606537749393,2
1,649,0.4164078827284341,2
2,563,1.6944262995153145,1
5,133,0.613725894945842,0
3,92,1.1388426563096103,0
3,715,0.5744102484982455,2
5,655,1.4163606057978988,1
3,182,0.3785283025229653,1
4,444,0.15545644668995262,2
2,114,0.22271593145607324,1
1,339,2.390220259636744,0
5,425,0.44148692466624595,2
4,516,1.8003478075284045,1
1,262,0.26302289013478297,1
1,197,0.35958484536443724,1
5,622,1.3213030033824034,1
4,520,1.2156902323704248,1
1,198,2.383792742655687,0
1,137,2.36760508724977,0
4,373,1.9710607421019162,0
3,445,1.5450443923056394,1
1,453,1.1919047617432266,1
2,131,0.9548284823882105,0
4,690,2.373010112741333,1
1,335,1.5469811474192454,0
5,431,1.4897740664463868,1
2,319,0.6565626922453957,1
1,341,0.21207476292427135,1
2,502,2.3684525914229067,0
2,764,0.8529646212271693,2
3,73,1.1622136559787009,0
2,360,0.37513586460569637,1
3,510,2.1086183917823007,0
4,257,0.1663163988542335,1
3,766,2.1015778290378315,1
5,713,0.4366840306911203,2
1,487,2.227753870314765,0
4,587,1.8514543296067778,1
4,755,0.49520863001753224,2
5,385,1.4579631828627235,0
3,471,0.8503751544525266,1
1,799,0.5277594373878003,2
3,370,2.16203727858666,0
2,546,1.0684546396173507,1
3,636,1.056504914476918,2
4,212,0.507728019535888,1
1,590,1.019357622605869,2
3,214,2.1918804311892406,0
1,747,0.9715089051751261,2
1,615,2.3838485499994913,0
2,344,2.3711413581001297,0
2,91,0.4477567823376305,0
4,334,0.5255470084543477,1
5,436,2.170417768796534,0
1,187,1.042626205419326,0
5,236,0.11049755747922241,1
4,765,0.7572923672928904,2
1,480,1.534309583669344,1
1,603,2.018238318303923,1
5,465,0.42013268102382295,2
3,475,0.36529927460016487,2
2,465,2.3130223685735958,0
3,75,1.9027560827741983,0
5,420,1.5154710418673882,1
2,434,1.9460482959902272,0
3,105,1.1292504671359322,0
2,302,1.9202937935419038,0
1,683,0.9923271790588858,2
3,155,0.6858269739822456,0
2,179,1.8496322111031247,0
2,719,1.107213501177444,2
2,425,2.4553050503828677,0
3,792,0.9387644375394424,2
4,357,2.312145809274558,0
3,140,2.339110116560991,0
5,442,0.6804470729553906,2
3,583,2.015730835811232,1
2,159,1.1393788123469564,0
1,610,2.3020593453528355,1
3,690,1.1802982543245732,2
3,634,1.8863289216096788,1
2,389,1.2207217819931149,1
1,614,0.6467218137108548,2
1,405,0.5784403094672471,2
5,217,1.1210348662152294,0
3,606,1.9131871768341158,1
1,501,1.5521715644338403,1
1,154,1.7527102957613039,0
4,199,0.7775832417566618,0
4,195,1.2554448302982533,0
1,765,0.20654863592638478,2
5,348,2.0620777982994896,0
1,216,2.4757411893756993,0
2,762,1.07650975029921,2
3,695,0.12631276751570406,2
5,772,0.5075023349222737,2
2,97,1.6660645066010054,0
5,687,1.5689903636892621,1
2,288,1.9908753270053055,0
3,56,0.7093216263065636,0
3,513,1.9327165973131217,1
4,502,1.7511616516568076,1
2,420,0.8747547945132239,1
4,598,1.4091715553367088,1
2,536,0.45345714039598417,2
4,260,1.1861548082453983,0
3,214,2.214873614933538,0
5,174,1.110859311580938,0
4,386,2.114960095541013,0
2,241,1.5166080766232666,0
2,779,0.5605041114456563,2
3,263,1.4946549872749515,0
2,623,1.3143599899769522,1
1,377,1.0567392044713215,1
5,430,0.38711305483856884,2
4,722,1.1001007932333515,2
5,627,0.2746297029751051,2
3,288,0.337045723357003,1
4,581,1.0981996790385185,1
4,749,0.8329155567243128,2
1,131,2.3213063820693365,0
3,412,1.0016939329126493,1
2,554,1.9188594929730403,1
1,251,1.3725940632789826,0
1,553,1.789805604741605,1
5,693,0.7242783592369579,2
5,86,2.36057193481199,0
5,693,1.3722123925946175,1
1,638,2.095177771084599,1
2,650,0.9761096643426723,2
4,451,0.3405072377212589,2
5,755,1.7169079545300372,1
2,225,0.11862315600981876,1
3,594,1.24070314375722,1
5,619,0.5627245663995022,2
4,516,1.6057012106448691,1
3,250,2.450607695530845,0
3,589,1.2145669751695503,1
4,596,2.0619958156616,1
5,686,1.3186820486826905,1
1,443,1.2900160746496578,1
4,91,2.333016383629067,0
4,646,2.2359180849920355,1
4,442,1.9859211164511386,0
3,749,0.8110138079602818,2
2,672,1.4080201977374573,1
1,490,0.637353359933644,2
5,666,1.1654000753116955,2
5,555,1.2621113578234975,1
2,369,2.095936096406394,0
4,602,2.2504680767799834,1
1,264,1.0950881497515468,0
5,120,0.1424906681757693,1
5,617,2.1682572154944513,1
4,285,0.5182688284032657,1
2,330,1.5925167133369444,0
1,666,0.15993016104191488,2
2,211,1.0588155406253543,0
2,240,2.4663047250768395,0
1,58,0.34166464264912744,0
1,109,1.1168635647991416,0
5,274,0.8371598804558852,1
5,749,2.2722114961318343,1
1,631,2.1864162589776526,1
3,336,0.6704770247349492,1
5,218,0.29485068892103483,1
3,111,1.605132145746682,0
1,398,0.9072849085209034,1
5,491,1.7130025374545514,1
2,63,0.17708741456275473,0
1,213,0.42015816442597465,1
4,469,1.7472933586543442,1
3,569,0.6096895727259946,2
1,715,2.158210421829764,1
1,597,0.24061813050432504,2
5,609,0.617156758685379,2
5,646,2.496544596364165,0
5,77,1.1393826462083023,0
4,757,1.7871175925071445,1
5,495,0.5383913172568329,2
1,257,1.5636849639652906,0
5,519,1.8426545640866043,1
2,765,0.8547439260796252,2
5,153,2.0893530687421067,0
4,791,1.54820218833348,1
2,475,1.0338952230760725,1
1,150,1.4383417440235806,0
1,590,1.4842260338462183,1
3,688,0.49728470246527845,2
2,571,1.0665576876807188,1
3,155,0.9242334112467834,0
2,728,1.0621665341899025,2
2,326,1.926665412364619,0
4,114,1.2580921779200145,0
3,237,2.3567587677742345,0
4,366,0.8048233920602468,1
2,187,1.0976885878838296,0
1,392,1.9886963451496995,0
2,154,1.4104590239698007,0
4,595,1.4128675514186746,1
3,429,0.22801639121244044,2
3,159,1.056639190524294,0
4,594,0.7497609578121579,2
3,403,2.498404294794677,0
5,792,0.8400521695175446,2
1,366,2.2227916835052723,0
1,315,1.722960964097146,0
1,743,0.918199382061017,2
3,114,1.4044825080978969,0
3,382,2.117286111878065,0
2,562,2.2200839152741887,0
2,182,0.48494530001474856,1
1,641,0.914975538899607,2
5,589,0.904535632512572,2
2,784,0.20090751058226725,2
2,584,1.5357706236445516,1
3,545,2.151568127181251,0
5,670,1.0157785307812426,2
1,668,1.876086267962025,1
2,706,1.6064809926417758,1
5,418,1.001556965183202,1
5,700,0.438543518781513,2
1,148,1.8023772466623216,0
5,366,2.150956405458977,0
5,172,1.7460507817635806,0
5,369,0.14290836168356336,1
2,642,0.6189589465383789,2
1,544,0.2667519637204766,2
5,506,1.4689266389829443,1
5,571,1.9155464292169897,1
2,569,0.36539004896478267,2
1,766,2.1120107694241246,1
3,364,1.4332215481491597,0
2,758,1.7559256291401397,1
1,759,2.431364436660751,1
5,591,0.3008343717944736,2
1,528,2.262937655146694,0
1,69,0.4026464703697823,0
1,609,1.0431011359280373,2
3,179,2.1434528711946745,0
1,342,2.275010168170884,0
3,181,1.3152920165083488,0
5,405,1.5258511318610204,0
3,103,1.7995536030365373,0
5,436,2.0986208042865138,0
5,314,0.39162680689039875,1
3,264,2.0441663397501464,0
2,509,1.2550627612278802,1
4,507,1.1814962202596055,1
1,92,1.117359404792796,0
4,635,1.3221078045905024,1
1,327,2.3681213281470486,0
1,179,1.4156890547011638,0
5,399,2.387626091831534,0
1,755,0.5326963134775374,2
1,593,1.8379263491983195,1
3,155,2.0493748926609934,0
4,765,1.7299091952036687,1
3,50,1.5566134725436969,0
1,633,1.4555506746068374,1
5,481,2.1662331581888705,0
3,355,2.0719518331948,0
3,576,0.39349293083343884,2
2,102,2.1366103768741076,0
1,569,1.093764686657062,1
5,379,0.7088723919899458,1
3,607,2.1874445632334223,1
3,374,1.13685951912098,1
5,163,2.04007525642436,0
1,196,0.7321686686940267,0
2,215,0.10943037141332274,1
3,428,1.2891020629670666,1
2,188,0.3405478159429222,1
4,678,1.9105022932597833,1
1,348,0.7625803265665848,1
4,325,1.164749551848349,1
4,227,0.3088805562197302,1
4,403,0.7879821962734064,1
1,203,1.9755765838205728,0
1,250,0.4638109885655667,1
5,164,1.6531829467046977,0
2,720,2.301822046730803,1
2,603,1.7316082234185288,1
5,117,2.0464520543013442,0
5,494,0.3615319103293979,2
4,494,0.7017563824049307,2
5,375,2.2468932453774184,0
3,757,1.816253472683414,1
2,651,1.6349291833055468,1
5,672,1.69304016669208,1
3,408,1.0940813303311443,1
3,194,0.20693591588236773,1
3,324,1.9826597009697497,0
3,558,1.7289117669168492,1
4,228,1.2347307138705392,0
3,526,2.259423076883818,0
4,463,0.9067831959642372,1
4,202,0.8063721861549662,0
3,153,2.1947111801906627,0
2,124,2.0127703714215652,0
3,177,1.3359515455560274,0
3,760,0.41376337469883995,2
3,715,0.6161715315161258,2
2,617,1.674947176981136,1
1,394,1.024098970816988,1
1,580,2.107535659998331,1
4,208,2.3798920223972897,0
4,587,2.0335286206598036,1
2,475,1.0061090151893373,1
5,730,1.9928474301554178,1
1,72,0.9434600163296403,0
4,96,0.5010402106375214,0
1,574,0.18014369167805777,2
2,778,1.0257201106264482,2
2,755,2.2685423288734765,1
5,193,0.6735678106136236,0
5,634,0.5956315958314816,2
2,717,2.4275698845784968,1
4,638,0.1600098708414211,2
1,468,1.9858771609450103,0
3,730,0.8712878937780888,2
5,134,0.1899710964871824,1
3,465,2.3027260965030005,0
4,743,0.43514159250300066,2
5,531,1.424270280941669,1
3,505,0.7577300978309146,2
4,346,0.25646272524325847,1
1,161,0.2198139655921098,1
4,279,0.37733607720721307,1
5,145,0.27128083333451214,1
2,729,1.925339477247815,1
1,427,1.26535888548023,1
3,205,0.9229410192375512,0
5,470,1.1040853843168172,1
2,154,2.329472165374296,0
4,754,2.2858043505715533,1
2,379,1.8176235522941846,0
5,488,2.2232377058120507,0
5,181,0.8671552662102995,0
2,431,1.0146623824198788,1
4,187,1.5729092364501474,0
2,319,1.596702273513434,0
5,599,1.2560796112296184,1
5,445,1.0615788362510878,1
3,606,2.4668327478608685,0
3,513,2.0706967026825382,0
1,724,1.1439524749313086,2
5,499,1.8455019453749644,1
3,380,0.7469480638059027,1
2,302,0.3404063829695917,1
4,730,0.9458344613265774,2
2,334,1.067134720296146,1
4,323,0.13968909894560994,1
3,69,2.0555008039261504,0
1,288,0.9620641657340356,1
2,319,1.493003597872353,0
2,467,0.27751164945029433,2
2,359,0.5199923890014015,1
4,80,2.235264940786144,0
3,153,1.560850066918722,0
2,731,2.3806817204091653,1
2,235,2.4970000825391607,0
1,177,0.9924642767994265,0
1,259,0.817127353799859,1
3,463,2.160054532381832,0
3,330,2.49666742488989,0
5,302,1.6111389621578975,0
1,68,2.0083377340276534,0
5,761,1.9761900611566587,1
4,781,0.9528152997269127,2
5,185,1.4782489126170093,0
2,272,2.0993366590341127,0
5,52,1.7514733030265333,0
3,285,0.15079315355689182,1
4,514,0.9080936053540803,2
2,277,0.4467416718270528,1
5,703,0.6591333089872937,2
4,548,2.2731747459791816,0
4,570,0.18854389338584357,2
2,751,0.6275217087086169,2
5,726,0.8429664453717555,2
4,188,1.5805217727193477,0
4,325,1.3818440562060772,0
1,340,0.6238467588481266,1
4,102,0.4941785613355707,0
1,736,0.6683152830306851,2
5,159,1.3060711040839734,0
5,764,0.7508266857068882,2
5,697,2.3742460038585333,1
3,53,1.2132765314292342,0
5,716,0.24111043970712895,2
4,733,1.8502393740079202,1
2,96,0.889228691701575,0
1,143,1.6683734369397942,0
3,609,0.7710264892557568,2
5,262,1.4697849801599678,0
5,485,1.9531660115379152,0
2,557,2.3272209802589297,0
2,700,0.7267051466393849,2
3,254,0.9036566823975547,1
1,430,1.2142394086862554,1
5,122,2.325219610566373,0
3,565,2.263328456345577,0
4,125,0.3157078722415313,1
4,126,0.41663158180914606,0
3,459,1.2892220255935318,1
5,663,0.3558862547330164,2
3,155,0.9293940960368738,0
5,600,0.45612490772194636,2
2,525,1.626496852316526,1
3,324,2.378789036173988,0
5,137,2.4921610487065156,0
3,772,1.0005787179925956,2
3,126,1.5376303290750695,0
5,126,2.1550423684577953,0
5,491,0.38190897471132157,2
1,589,1.754954586524716,1
3,294,1.0812247881401638,0
4,627,0.5947507846723937,2
3,431,1.0666086849938607,1
3,766,0.28230468871580044,2
5,619,1.7689771566143337,1
3,762,0.7065824049962873,2
3,786,0.8473735481077072,2
4,191,0.39059511577951056,1
5,417,2.17518187333574,0
3,133,1.2842662702785728,0
2,192,1.4731525066873608,0
1,401,1.466638439427651,1
4,594,1.0851834748992202,2
3,201,0.5620717970515346,1
2,207,1.88831859639616,0
3,495,0.40493503685841836,2
3,702,0.3492970966691452,2
5,352,1.8043480902316082,0
5,673,0.6012088490847611,2
5,705,0.8362546032467976,2
2,499,1.2405459208041767,1
3,770,1.1784431601509109,2
1,273,1.8005899001559982,0
4,92,1.5962363042640664,0
5,313,1.6465507894764777,0
5,52,1.8137303935730975,0
3,686,0.8022705458163167,2
3,317,0.8735999483211367,1
2,645,1.1511945949493299,2
2,65,0.8379092152804626,0
5,383,2.4638508855300723,0
3,513,2.0537246234114312,0
1,108,0.49517125181447097,0
4,226,0.11342597411648683,1
3,112,0.20267984379344287,1
3,610,0.6857522825030206,2
2,356,0.37429908600845574,1
4,295,1.380011475742173,0
5,338,2.1591885345456605,0
3,381,1.8682005301917457,0
5,576,0.6174617513972569,2
3,304,1.0583182144618861,1
5,653,1.3189461028750664,1
4,559,2.044494038808005,1
2,767,2.1138918474547954,1
4,655,2.2833239485786625,1
1,786,1.3221886012069004,2
2,512,1.7662593914460711,1
4,248,0.36832089096144915,1
1,320,1.456693503889557,0
3,795,0.6968603427307243,2
3,607,1.1361205240638668,1
5,113,1.6217212199361266,0
2,279,0.7167662508490746,1
3,298,0.2252441387122266,1
2,295,0.12456125538101803,1
3,636,0.1531828853068517,2
5,206,0.1200393700330472,1
4,784,0.3648521357389012,2
5,751,0.6747729149683117,2
1,613,0.630931634037518,2
3,137,2.4683118260317523,0
1,362,0.8344146525014637,1
1,115,0.4058098800625578,0
2,711,1.4093501060026192,1
3,69,2.15909789295402,0
1,82,1.7273449042904205,0
4,607,0.8105970139250807,2
1,122,1.447878783499492,0
4,392,1.815654338080982,0
2,182,1.8474507816825816,0
1,104,1.6996922927144533,0
5,110,2.1899450194614833,0
2,569,2.1882531000258503,0
4,321,1.489447742576808,0
2,295,1.1316552858669096,0
1,225,1.6397687093562396,0
3,677,2.0637088032891113,1
3,366,0.11356505161884334,1
4,754,2.4807928216356427,1
4,711,0.5389450535900782,2
3,180,1.228597565583943,0
4,151,2.19287136362288,0
2,359,0.6400969577060784,1
5,341,1.2443085373609197,1
5,771,0.41819723243483,2
2,544,1.0481831809316622,1
5,410,0.5251250915032061,2
1,387,0.9727065970507768,1
2,628,0.9963141203025327,2
4,59,2.4836098950359986,0
2,98,2.487551270329053,0
3,536,0.3754870687854698,2
4,672,1.8423250703880334,1
3,370,0.22418915120584276,1
4,780,0.17246083680925273,2
5,618,0.35280134618791437,2
2,674,2.4171655768190417,1
1,182,2.3580725149472737,0
4,632,0.5654267686736331,2
4,132,0.4880136053289077,0
3,106,0.6772842076382728,0
5,425,1.3373127857803413,1
3,398,1.4672911168849838,1
3,320,0.6318242330546736,1
5,532,1.9158946914158685,1
1,160,0.8429276065663618,0
3,125,2.313115181270585,0
3,207,1.6761344954961535,0
4,581,1.147242866328668,1
5,692,1.9957888040868288,1
2,378,2.0629951025119952,0
1,171,0.7971558534614647,0
1,90,0.9153149052066024,0
5,216,2.346292368948648,0
4,691,0.4953784920718526,2
4,72,0.2011610007110421,0
5,328,1.189732774262918,1
4,518,2.0229037605847093,0
1,449,1.9520034551457899,0
1,58,2.306873509390798,0
2,62,1.3796815944856966,0
5,101,0.34015521175967994,0
3,258,1.5128535384064385,0
3,599,1.9681494744477077,1
2,661,0.32398748864758337,2
2,754,0.5143777626342154,2
4,451,0.12949758677361017,2
2,240,1.5247661906723449,0
2,100,2.2281625406701706,0
3,442,1.7095919584050387,0
4,702,2.456896210218357,1
2,729,0.2512807659994277,2
2,670,2.267202604363591,1
4,768,2.0537638897280335,1
5,349,0.8541796491988118,1
4,671,2.4364637244094043,1
3,245,0.791050595611396,1
5,466,2.2343313371877245,0
1,713,2.2137965849780548,1
4,469,1.918378279847134,0
3,689,1.4523291371508444,1
5,666,0.38800659908053137,2
4,571,1.3767321627915958,1
2,405,0.9563110135718429,1
4,197,2.001320879572844,0
1,414,1.9195100955924278,0
4,413,2.2854700176942524,0
5,701,0.1355923898360989,2
5,751,2.0418477203753107,1
4,451,2.3523089274992053,0
5,655,1.9943210778595604,1
2,541,0.41246670368888005,2
4,278,0.2950698516181306,1
2,624,0.15002857553848195,2
2,586,1.6089885419873704,1
3,317,1.6112143644637296,0
4,454,2.4685929141237093,0
5,60,1.0553036178498298,0
2,369,0.8965750837539921,1
3,762,1.5986198252425419,1
4,175,2.0814608140182256,0
4,355,2.3482574788552046,0
1,751,2.0274979988296926,1
1,560,1.1240175534779315,1
2,138,1.623794164748954,0
1,404,2.1551183841186807,0
2,677,1.2774632519481748,1
5,401,0.6200479448929425,2
2,738,0.5073362553948951,2
1,63,0.10037858698733615,1
5,306,1.8237711879550822,0
1,258,0.3666333012303772,1
2,330,0.6852138392702569,1
3,492,0.814903195654704,2
4,438,1.444911664328244,1
1,666,1.0550974655098462,2
2,532,1.7192175808555883,1
5,196,0.2335327823888865,1
1,328,0.3974540662346546,1
1,570,1.2981076084798402,1
4,679,0.9087154908323916,2
2,655,0.8099520706032632,2
3,483,0.2608673896900545,2
5,193,2.2497260193952036,0
2,338,1.760364606700122,0
5,435,0.39188357636715854,2
1,63,0.2561102985691375,0
4,306,2.4396940802349834,0
4,395,1.7348141210548118,0
3,747,1.1018945706249796,2
4,394,1.7841544978138837,0
1,449,1.9151962875523818,0
3,256,1.9719092857330704,0
2,221,1.2469055335673385,0
4,513,1.1317186194996351,1
3,319,0.12646740224536082,1
1,270,2.3237370763404113,0
5,201,1.5479389081334634,0
5,672,0.5875694492559235,2
1,232,2.307048206611448,0
1,448,2.2958365642487113,0
5,121,2.4740419944786303,0
3,467,2.1977357515335494,0
5,332,2.4946825307681553,0
1,123,0.6872468514958542,0
4,404,2.1213990044781617,0
2,776,2.0752679411098347,1
4,546,0.654256862129761,2
4,377,0.3362501176023779,1
1,584,2.450609232826239,0
5,629,0.8104589236494648,2
3,496,2.1901402971227344,0
4,422,0.10990517121904936,2
5,411,0.15045953732704528,2
3,142,1.2180911408712842,0
4,370,0.6729152414441525,1
3,373,1.7556190802463143,0
5,433,1.4573543813630905,1
2,624,0.2859659138811795,2
5,785,0.490307911157721,2
1,786,1.0313182481401943,2
3,395,0.5454497534930396,1
2,152,2.0013336333854284,0
3,264,1.098568565327872,0
3,241,0.32423648042199826,1
4,721,1.2624229654530996,2
1,768,0.318011634547394,2
3,243,0.40944953300756126,1
5,429,0.6750635968676927,2
5,452,2.1628664925939756,0
4,713,2.3190700775991324,1
1,798,2.083018550396966,1
1,649,0.9017853218028333,2
5,60,0.7538714586611959,0
2,236,1.417973657896574,0
4,775,1.8324475852794697,1
4,64,2.4840946915844198,0
5,346,0.41576970850942296,1
5,460,0.21830079765713065,2
2,634,1.7664541335886506,1
2,101,2.097341880409373,0
1,689,2.131237071679416,1
4,77,1.7283125177851857,0
4,626,2.389637929886049,1
5,66,1.3264114325070087,0
1,400,2.29315551600691,0
4,477,2.4227491287796554,0
1,699,2.1331778968074584,1
1,278,0.8434205518206894,1
5,259,0.5709175628087086,1
1,480,1.4154881559563643,1
2,343,1.1872354009124524,1
2,792,2.2066200212625593,1
3,631,0.3400760105611689,2
5,153,0.7185761471476446,0
3,253,1.9043174668449006,0
2,102,0.32796794794554907,0
3,424,0.8698345936520804,1
5,103,1.0291729457295595,0
5,325,1.594225111750456,0
1,384,0.479518349726475,1
4,80,2.165450776839303,0
1,184,1.1741013651190582,0
5,107,2.3008521085133355,0
2,154,1.2228877927214359,0
2,315,0.76009662145776,1
1,571,0.44038918885041967,2
5,545,0.10898822730708356,2
2,302,1.3771779639636055,0
5,344,0.35717607262461626,1
2,717,1.0401466327148277,2
5,207,1.5142522269690082,0
3,598,0.7616461525664806,2
5,680,0.5205383016786767,2
5,116,1.9593318942624198,0
1,348,2.3722988134758896,0
3,512,0.34105700286871843,2
4,774,0.47341677852401887,2
1,150,2.404030377406525,0
4,105,0.19068213234939108,1
2,381,2.4463176077211335,0
4,442,0.11114675940397306,2
5,792,2.196804773563195,1
4,430,0.8375804343705988,1
1,141,2.3526132596255116,0
1,496,0.860668692725405,2
4,158,1.6703351716817345,0
1,366,0.29207816743824794,1
1,217,0.6815915474889735,1
4,484,1.9568304315502019,0
3,491,1.3688460488291674,1
3,267,2.3271257482889074,0
2,271,1.1290033800192503,0
1,722,2.1875496779534154,1
4,577,1.17749304994777,1
1,327,2.4501958688847645,0
5,618,2.403602515357304,0
1,623,0.8899280933345928,2
1,515,2.2262168090003276,0
3,651,2.134267298117558,1
4,633,0.6056329535861508,2
1,79,1.5982969618798473,0
3,408,0.27443755741555564,2
2,337,2.108105729400308,0
3,135,0.5189101204083917,0
3,283,0.26995528332583485,1
3,796,1.0605258292931468,2
1,362,1.4846131326391443,0
1,414,2.1518007005434505,0
2,318,2.4381820612521676,0
5,747,1.1547820301676728,2
5,180,0.2450726151646485,1
5,400,1.8978773896620897,0
2,229,1.45641581493745,0
5,529,1.1749392276267117,1
5,212,0.8422453091012552,0
3,145,1.3057564668244857,0
1,559,0.9128310506968742,2
1,414,1.9168284825936648,0
3,402,1.4053448715823387,1
3,485,2.204434657969869,0
3,132,1.404505395158661,0
1,274,0.671829792015832,1
5,461,2.142620517357147,0
3,784,1.4373257078321056,2
2,167,0.596418491544547,0
3,531,1.596418743894933,1
4,241,0.9585202358618261,0
3,640,2.1265734695009577,1
1,639,1.1879193727517028,1
3,708,1.8434592594578,1
4,156,0.32928689832696917,1
2,431,1.0504584311256309,1
5,439,2.459779447533757,0
3,293,2.040304694745156,0
4,634,0.4838579256806288,2
4,517,0.7666337187454122,2
2,587,0.8915579412552666,2
1,259,1.6608773451890697,0
3,653,1.9167874227751733,1
4,686,1.8988638611389834,1
2,122,1.3236977351353667,0
5,684,2.0459692908115628,1
4,358,1.1489873986179402,1
2,745,0.39731335670934853,2
1,748,1.454660419969152,1
1,759,2.3855233230426562,1
4,639,2.003184763342027,1
4,235,1.4888815544613818,0
3,302,1.6523335848378327,0
2,62,2.3333488648853744,0
4,348,1.1280227066439052,1
3,125,0.8953459334623296,0
3,100,2.4453797560010777,0
4,198,2.1722635204248,0
1,780,0.8753046030846456,2
2,171,1.2130734336662148,0
2,260,1.0961875096187177,0
1,329,0.4578296288114414,1
4,587,2.398766377151822,0
2,734,1.0703498349274212,2
4,205,2.200789798330979,0
4,287,0.5544549464335962,1
3,425,1.4148899455293276,1
1,131,0.15750732429824757,1
4,541,1.9341291612215405,1
5,405,1.494193355791068,1
1,322,1.6014150003274066,0
2,629,0.2241301181311683,2
3,93,0.6064919925006769,0
2,622,0.27839409364859236,2
2,172,0.7933943579291483,0
1,398,1.6058536184371623,0
2,757,1.4588463623617005,1
4,379,1.5691595718721367,0
2,458,1.4182030513069463,1
3,372,0.7552691096220624,1
3,160,0.6868179936266205,0
5,138,0.4289432404877951,1
3,482,2.137770099768381,0
2,759,1.5795504604989867,1
3,761,0.5476264300097434,2
1,148,0.5253025115709749,0
3,588,2.195285443662728,1
4,650,1.8825540730319663,1
1,195,1.6825577917728913,0
5,743,1.0764738580943196,2
4,306,0.728741354268442,1
2,238,2.450681831470777,0
2,289,2.0133749800547203,0
2,552,0.8242701355270635,2
4,757,2.1341555110683874,1
4,726,1.9214366766752355,1
4,320,0.812993319707196,1
1,569,1.1237268501799353,1
1,599,0.5462882689384639,2
2,163,0.36652586650746244,1
3,388,1.8346288788152723,0
2,617,0.7420284576492798,2
5,408,2.0681424777910085,0
1,699,2.489460907634623,1
4,663,0.2838875534311568,2
1,383,1.2352843002008806,1
4,738,2.024950142345927,1
5,218,1.9934821516989605,0
5,388,1.9239931799943244,0
1,310,0.9375878447245862,1
4,784,1.1892478136441256,2
5,248,1.5279240576195285,0
2,260,2.437457400575817,0
2,336,0.8861134502523829,1
4,741,2.3155453305204587,1
1,792,0.7464566036331859,2
5,521,2.473778717136891,0
1,531,1.7086328483862203,1
2,72,1.2124275528605224,0
5,609,1.5721370273526518,1
1,158,0.7540748056964963,0
3,345,0.7580172580275198,1
4,55,0.37253090522438526,0
4,599,0.3737207144929571,2
3,730,0.9344121795253871,2
2,252,1.930853146951292,0
5,374,1.55913080223559,0
4,293,0.3462029447944499,1
3,376,2.1453676599421865,0
3,96,1.5432823047761595,0
2,640,2.4060533842834713,1
2,671,1.7084451217868981,1
1,62,0.5204196728900344,0
4,429,1.2370800695387734,1
1,414,1.65639423411329,0
3,651,0.16783528251994645,2
5,391,0.13578463397153895,1
5,270,0.410567201436563,1
2,122,0.7039946441091298,0
5,795,1.1309178964496214,2
5,674,1.2698571370234921,1
5,95,0.43126626145095226,0
3,553,1.716139789877994,1
5,323,1.5307313480716835,0
5,604,0.8067138372187844,2
5,257,0.1327837202447008,1
1,664,0.2863549968478978,2
3,173,1.0400674612260146,0
2,59,0.46953844279764145,0
1,378,1.00436705475513,1
4,236,1.6076382508248523,0
3,592,1.4133698269102806,1
3,717,0.6548221195297461,2
4,109,0.9251739790210057,0
4,491,1.5736748762767616,1
4,266,2.166052067304277,0
2,51,1.9077122529733055,0
5,585,1.428160064400196,1
3,767,0.9695031959595668,2
5,760,0.9761230661003331,2
5,405,2.2106015446345504,0
4,675,0.19418458249731135,2
2,716,2.471158346608626,1
1,214,1.6945009860437494,0
2,783,1.7347304777737373,1
5,140,0.19119480953138118,1
2,216,1.5532702597390533,0
4,256,1.2634673442170727,0
1,331,0.3538693765457608,1
4,114,0.7670128258464617,0
1,565,2.236754694912763,0
5,206,1.4199721980782871,0
1,796,1.0921997804173809,2
1,355,0.27443717401794626,1
1,444,1.8138916657655335,0
2,123,1.7868419761504781,0
2,236,1.5737046567341526,0
5,623,1.324630350929558,1
1,386,1.1410825652976946,1
3,725,1.5238506231711815,1
5,617,0.6601490841481761,2
1,672,2.3590217540263545,1
1,779,1.513106870032551,1
2,289,0.8468618664505037,1
5,582,1.1792316421243776,1
1,190,2.0336434933045413,0
1,314,0.48787854575271383,1
5,188,0.802805493904625,0
3,508,1.730819254567733,1
5,119,0.8571740955573373,0
5,434,2.0020040364675182,0
3,679,0.41308836922566594,2
5,247,1.9304468090910605,0
1,254,0.264044115641359,1
5,775,0.13022227040198747,2
3,617,2.255736445197189,1
4,736,1.4952141206375167,1
5,689,0.9443845530083474,2
2,480,0.658227128713241,2
1,374,1.5805258798259587,0
1,491,1.3216052404881717,1
2,337,2.4798346612719646,0
2,275,2.45971836796899,0
5,113,1.624058958739863,0
2,609,1.1628892146541372,1
4,763,1.278738325923189,2
3,547,1.7379497589684687,1
2,109,0.34377890616491524,0
2,446,0.8880449771457236,1
4,306,0.28065337840864923,1
1,626,0.27606582284060693,2
1,288,0.5700141805461609,1
5,87,1.2646078110237446,0
4,74,1.9834583707906943,0
3,459,1.2651901387980942,1
3,510,0.9051438653460874,2
4,620,0.2976471768082195,2
3,466,1.4207092556395111,1
1,406,0.7510446075596242,1
3,432,1.575842027001154,1
3,207,2.445250573917804,0
4,618,0.3671543715461204,2
4,482,0.6091009569326558,2
3,97,1.2354268914384994,0
2,377,2.424673156830231,0
4,482,1.9523434630479894,0
5,480,2.255750063590792,0
5,105,0.900915636341903,0
1,626,2.480892337068627,0
3,317,0.34679875855397774,1
2,118,0.227134974510642,1
1,777,2.1534463049296675,1
3,650,2.325435688496767,1
4,498,0.31740485811064423,2
5,306,0.3722258241900196,1
2,721,0.17961797861385714,2
5,539,0.3508181503425378,2
4,795,0.6026075603206741,2
3,692,2.4281838853840023,1
4,98,1.702864533375233,0
4,708,1.968527261244501,1
5,365,1.9627345688596531,0
2,462,1.3841769994701152,1
4,483,2.013973546511241,0
5,51,1.5299380777359273,0
2,194,0.8549106342480582,0
3,415,1.4466642610441618,1
3,469,1.3804206067228324,1
1,622,2.0762873290223696,1
5,610,2.4561453217159817,0
2,493,1.0865021570102333,1
4,483,1.9321376282592633,0
3,692,0.3394312096915205,2
2,604,1.9643952866758925,1
5,106,0.991400588783757,0
1,611,0.194536390935248,2
3,227,0.9717908285492253,0
2,342,1.5655426022119474,0
2,95,0.3862004024355198,0
2,219,2.317682781832611,0
5,320,0.2864137918548126,1
5,466,2.3320161275995988,0
5,188,1.7971300430456476,0
4,296,0.8913092209940886,1
2,197,1.0378008345018237,0
3,279,1.877942475358586,0
5,686,1.5435306421148978,1
5,753,1.7119430114918686,1
2,423,1.033995079632352,1
5,129,1.2707523563382377,0
4,655,2.475681961690944,1
4,787,0.6134148891993224,2
5,114,1.1028548476531155,0
2,137,0.8003756501775214,0
2,137,1.9362676250556397,0
2,762,1.9336303015977296,1
1,775,0.8018691063937501,2
5,253,0.295336759919159,1
2,431,0.12743842401328973,2
4,650,1.1258812797819653,2
3,525,1.0848102264058501,1
3,622,2.4721357087356712,0
2,655,1.2275249816744311,1
3,588,0.7154040869810094,2
3,263,2.2389506584755217,0
1,123,1.2785630791685885,0
4,110,1.5380215245053868,0
4,747,0.32960490502771045,2
1,592,1.0189993775914576,2
1,268,2.3661368187370884,0
3,61,1.5148129220210211,0
5,464,0.926804452341908,1
3,81,1.6016012335158234,0
1,209,2.2849866149874787,0
4,286,0.7575774411342161,1
3,788,1.3122801243296187,2
5,230,2.400857569388213,0
3,607,0.5137507439162864,2
2,390,1.8271934214321077,0
3,507,1.5747544196871577,1
1,129,1.7312203147375236,0
4,696,0.9429271136021672,2
4,522,0.8533104963610358,2
1,720,1.7421032094120892,1
2,764,0.6173038842509088,2
1,161,1.1071713876616123,0
3,341,0.5516191505270032,1
1,680,0.1199316186959914,2
1,432,2.4281376640913668,0
2,66,1.1360871487754058,0
3,542,2.426439074607581,0
5,380,0.43677644744278266,1
5,788,1.5096802706979666,1
4,535,0.582337678698975,2
1,455,1.9961779047118593,0
4,166,1.9808871730263404,0
2,604,0.3702571576943483,2
5,164,2.288954686903334,0
1,598,0.5671111532877391,2
2,674,1.5711456198144649,1
2,596,2.4655206882104896,0
1,693,2.217751683439273,1
2,385,2.3957534285468056,0
1,385,0.9222370509234866,1
1,789,0.35338154132671207,2
3,196,0.5520324958946802,1
4,171,1.3011877481838732,0
2,130,2.003751227855973,0
2,734,0.4603687460413005,2
3,715,1.6833556774258172,1
3,711,0.8765862496948285,2
3,424,0.9188849737411684,1
5,619,1.6886025523790231,1
5,112,1.2207986068797285,0
5,553,2.0488799032623852,1
1,717,0.47420442319078493,2
2,498,1.9958758474408924,0
4,477,0.2541645953378101,2
1,476,0.5657293125894519,2
2,470,1.674759314807597,1
2,371,2.151821575626571,0
3,729,0.7064311065744376,2
3,215,0.885259853989391,0
1,646,1.3890897958881758,1
3,698,0.6077747355743255,2
2,510,2.0467750278100136,0
3,508,1.956727948013826,0
5,238,0.4487001087178759,1
3,513,1.213191356359917,1
2,428,1.9595866399710913,0
1,51,0.9095908746481954,0
4,667,1.619456374522556,1
3,413,0.22051149149817456,2
2,121,1.5608530252703632,0
4,476,0.46636715200145684,2
4,687,2.093399980274683,1
5,219,0.9530787125931482,0
4,254,0.7757292705476697,1
2,386,2.118133544107564,0
2,521,0.2203456553723445,2
3,244,1.0518611184024276,0
3,719,0.9880084973800752,2
3,702,0.783520898198922,2
4,324,2.288210396803545,0
4,56,1.9022281444401334,0
5,615,0.25341559406065306,2
3,665,1.81524987864389,1
1,622,1.3655179195091056,1
5,648,2.26208294656379,1
1,227,0.8510694816360602,0
4,291,1.477988799062999,0
5,252,1.3018126593783665,0
5,592,1.2749461749462538,1
2,511,1.1946529588413104,1
4,129,0.593510741277475,0
4,572,1.9137038139817426,1
5,466,1.1832064785742928,1
4,433,2.4004390600062537,0
5,440,0.7259402252626631,2
